Algoritmo;Threads;Input_Expressao;Repeticao;Tempo;Expressao_Encontrada;Literais;Clock_Time;Service_Time;Wait_Time
Sequencial;1;0;1;ERRO;N/A;N/A;0;0;0
Sequencial;1;0;2;ERRO;N/A;N/A;0;0;0
Sequencial;1;0;3;ERRO;N/A;N/A;0;0;0
Sequencial;1;0;4;ERRO;N/A;N/A;0;0;0
Sequencial;1;0;5;ERRO;N/A;N/A;0;0;0
Sequencial;1;0;6;ERRO;N/A;N/A;0;0;0
Sequencial;1;0;7;ERRO;N/A;N/A;0;0;0
Sequencial;1;0;8;ERRO;N/A;N/A;0;0;0
Sequencial;1;0;9;ERRO;N/A;N/A;0;0;0
Sequencial;1;0;10;ERRO;N/A;N/A;0;0;0
Sequencial;1;0;11;ERRO;N/A;N/A;0;0;0
Sequencial;1;0;12;ERRO;N/A;N/A;0;0;0
Sequencial;1;0;13;ERRO;N/A;N/A;0;0;0
Sequencial;1;0;14;ERRO;N/A;N/A;0;0;0
Sequencial;1;0;15;ERRO;N/A;N/A;0;0;0
Sequencial;1;0;16;ERRO;N/A;N/A;0;0;0
Sequencial;1;0;17;ERRO;N/A;N/A;0;0;0
Sequencial;1;0;18;ERRO;N/A;N/A;0;0;0
Sequencial;1;0;19;ERRO;N/A;N/A;0;0;0
Sequencial;1;0;20;ERRO;N/A;N/A;0;0;0
Paralelo;1;0;1;ERRO;N/A;N/A;0;0;0
Paralelo;1;0;2;ERRO;N/A;N/A;0;0;0
Paralelo;1;0;3;ERRO;N/A;N/A;0;0;0
Paralelo;1;0;4;ERRO;N/A;N/A;0;0;0
Paralelo;1;0;5;ERRO;N/A;N/A;0;0;0
Paralelo;1;0;6;ERRO;N/A;N/A;0;0;0
Paralelo;1;0;7;ERRO;N/A;N/A;0;0;0
Paralelo;1;0;8;ERRO;N/A;N/A;0;0;0
Paralelo;1;0;9;ERRO;N/A;N/A;0;0;0
Paralelo;1;0;10;ERRO;N/A;N/A;0;0;0
Paralelo;1;0;11;ERRO;N/A;N/A;0;0;0
Paralelo;1;0;12;ERRO;N/A;N/A;0;0;0
Paralelo;1;0;13;ERRO;N/A;N/A;0;0;0
Paralelo;1;0;14;ERRO;N/A;N/A;0;0;0
Paralelo;1;0;15;ERRO;N/A;N/A;0;0;0
Paralelo;1;0;16;ERRO;N/A;N/A;0;0;0
Paralelo;1;0;17;ERRO;N/A;N/A;0;0;0
Paralelo;1;0;18;ERRO;N/A;N/A;0;0;0
Paralelo;1;0;19;ERRO;N/A;N/A;0;0;0
Paralelo;1;0;20;ERRO;N/A;N/A;0;0;0
Paralelo;2;0;1;ERRO;N/A;N/A;0;0;0
Paralelo;2;0;2;ERRO;N/A;N/A;0;0;0
Paralelo;2;0;3;ERRO;N/A;N/A;0;0;0
Paralelo;2;0;4;ERRO;N/A;N/A;0;0;0
Paralelo;2;0;5;ERRO;N/A;N/A;0;0;0
Paralelo;2;0;6;ERRO;N/A;N/A;0;0;0
Paralelo;2;0;7;ERRO;N/A;N/A;0;0;0
Paralelo;2;0;8;ERRO;N/A;N/A;0;0;0
Paralelo;2;0;9;ERRO;N/A;N/A;0;0;0
Paralelo;2;0;10;ERRO;N/A;N/A;0;0;0
Paralelo;2;0;11;ERRO;N/A;N/A;0;0;0
Paralelo;2;0;12;ERRO;N/A;N/A;0;0;0
Paralelo;2;0;13;ERRO;N/A;N/A;0;0;0
Paralelo;2;0;14;ERRO;N/A;N/A;0;0;0
Paralelo;2;0;15;ERRO;N/A;N/A;0;0;0
Paralelo;2;0;16;ERRO;N/A;N/A;0;0;0
Paralelo;2;0;17;ERRO;N/A;N/A;0;0;0
Paralelo;2;0;18;ERRO;N/A;N/A;0;0;0
Paralelo;2;0;19;ERRO;N/A;N/A;0;0;0
Paralelo;2;0;20;ERRO;N/A;N/A;0;0;0
Paralelo;4;0;1;ERRO;N/A;N/A;0;0;0
Paralelo;4;0;2;ERRO;N/A;N/A;0;0;0
Paralelo;4;0;3;ERRO;N/A;N/A;0;0;0
Paralelo;4;0;4;ERRO;N/A;N/A;0;0;0
Paralelo;4;0;5;ERRO;N/A;N/A;0;0;0
Paralelo;4;0;6;ERRO;N/A;N/A;0;0;0
Paralelo;4;0;7;ERRO;N/A;N/A;0;0;0
Paralelo;4;0;8;ERRO;N/A;N/A;0;0;0
Paralelo;4;0;9;ERRO;N/A;N/A;0;0;0
Paralelo;4;0;10;ERRO;N/A;N/A;0;0;0
Paralelo;4;0;11;ERRO;N/A;N/A;0;0;0
Paralelo;4;0;12;ERRO;N/A;N/A;0;0;0
Paralelo;4;0;13;ERRO;N/A;N/A;0;0;0
Paralelo;4;0;14;ERRO;N/A;N/A;0;0;0
Paralelo;4;0;15;ERRO;N/A;N/A;0;0;0
Paralelo;4;0;16;ERRO;N/A;N/A;0;0;0
Paralelo;4;0;17;ERRO;N/A;N/A;0;0;0
Paralelo;4;0;18;ERRO;N/A;N/A;0;0;0
Paralelo;4;0;19;ERRO;N/A;N/A;0;0;0
Paralelo;4;0;20;ERRO;N/A;N/A;0;0;0
Paralelo;8;0;1;ERRO;N/A;N/A;0;0;0
Paralelo;8;0;2;ERRO;N/A;N/A;0;0;0
Paralelo;8;0;3;ERRO;N/A;N/A;0;0;0
Paralelo;8;0;4;ERRO;N/A;N/A;0;0;0
Paralelo;8;0;5;ERRO;N/A;N/A;0;0;0
Paralelo;8;0;6;ERRO;N/A;N/A;0;0;0
Paralelo;8;0;7;ERRO;N/A;N/A;0;0;0
Paralelo;8;0;8;ERRO;N/A;N/A;0;0;0
Paralelo;8;0;9;ERRO;N/A;N/A;0;0;0
Paralelo;8;0;10;ERRO;N/A;N/A;0;0;0
Paralelo;8;0;11;ERRO;N/A;N/A;0;0;0
Paralelo;8;0;12;ERRO;N/A;N/A;0;0;0
Paralelo;8;0;13;ERRO;N/A;N/A;0;0;0
Paralelo;8;0;14;ERRO;N/A;N/A;0;0;0
Paralelo;8;0;15;ERRO;N/A;N/A;0;0;0
Paralelo;8;0;16;ERRO;N/A;N/A;0;0;0
Paralelo;8;0;17;ERRO;N/A;N/A;0;0;0
Paralelo;8;0;18;ERRO;N/A;N/A;0;0;0
Paralelo;8;0;19;ERRO;N/A;N/A;0;0;0
Paralelo;8;0;20;ERRO;N/A;N/A;0;0;0
Sequencial;1;((z * y * x * w) + (!z * !y * !x * !w));1;0,163619;(Z+!Y)*(!Z+X)*((Y*W)+(!X*!W));8;0;0;0
Sequencial;1;((z * y * x * w) + (!z * !y * !x * !w));2;0,159903;(Z+!Y)*(!Z+X)*((Y*W)+(!X*!W));8;0;0;0
Sequencial;1;((z * y * x * w) + (!z * !y * !x * !w));3;0,167488;(Z+!Y)*(!Z+X)*((Y*W)+(!X*!W));8;0;0;0
Sequencial;1;((z * y * x * w) + (!z * !y * !x * !w));4;0,159620;(Z+!Y)*(!Z+X)*((Y*W)+(!X*!W));8;0;0;0
Sequencial;1;((z * y * x * w) + (!z * !y * !x * !w));5;0,162681;(Z+!Y)*(!Z+X)*((Y*W)+(!X*!W));8;0;0;0
Sequencial;1;((z * y * x * w) + (!z * !y * !x * !w));6;0,179787;(Z+!Y)*(!Z+X)*((Y*W)+(!X*!W));8;0;0;0
Sequencial;1;((z * y * x * w) + (!z * !y * !x * !w));7;0,169193;(Z+!Y)*(!Z+X)*((Y*W)+(!X*!W));8;0;0;0
Sequencial;1;((z * y * x * w) + (!z * !y * !x * !w));8;0,173395;(Z+!Y)*(!Z+X)*((Y*W)+(!X*!W));8;0;0;0
Sequencial;1;((z * y * x * w) + (!z * !y * !x * !w));9;0,274363;(Z+!Y)*(!Z+X)*((Y*W)+(!X*!W));8;0;0;0
Sequencial;1;((z * y * x * w) + (!z * !y * !x * !w));10;0,187634;(Z+!Y)*(!Z+X)*((Y*W)+(!X*!W));8;0;0;0
Sequencial;1;((z * y * x * w) + (!z * !y * !x * !w));11;0,173095;(Z+!Y)*(!Z+X)*((Y*W)+(!X*!W));8;0;0;0
Sequencial;1;((z * y * x * w) + (!z * !y * !x * !w));12;0,166031;(Z+!Y)*(!Z+X)*((Y*W)+(!X*!W));8;0;0;0
Sequencial;1;((z * y * x * w) + (!z * !y * !x * !w));13;0,166212;(Z+!Y)*(!Z+X)*((Y*W)+(!X*!W));8;0;0;0
Sequencial;1;((z * y * x * w) + (!z * !y * !x * !w));14;0,175002;(Z+!Y)*(!Z+X)*((Y*W)+(!X*!W));8;0;0;0
Sequencial;1;((z * y * x * w) + (!z * !y * !x * !w));15;0,176336;(Z+!Y)*(!Z+X)*((Y*W)+(!X*!W));8;0;0;0
Sequencial;1;((z * y * x * w) + (!z * !y * !x * !w));16;0,164687;(Z+!Y)*(!Z+X)*((Y*W)+(!X*!W));8;0;0;0
Sequencial;1;((z * y * x * w) + (!z * !y * !x * !w));17;0,170352;(Z+!Y)*(!Z+X)*((Y*W)+(!X*!W));8;0;0;0
Sequencial;1;((z * y * x * w) + (!z * !y * !x * !w));18;0,169324;(Z+!Y)*(!Z+X)*((Y*W)+(!X*!W));8;0;0;0
Sequencial;1;((z * y * x * w) + (!z * !y * !x * !w));19;0,166546;(Z+!Y)*(!Z+X)*((Y*W)+(!X*!W));8;0;0;0
Sequencial;1;((z * y * x * w) + (!z * !y * !x * !w));20;0,187691;(Z+!Y)*(!Z+X)*((Y*W)+(!X*!W));8;0;0;0
Paralelo;1;((z * y * x * w) + (!z * !y * !x * !w));1;0,334412;(Z+!Y)*(!Z+X)*((Y*W)+(!X*!W));8;0,357943;0,157970;0,074397
Paralelo;1;((z * y * x * w) + (!z * !y * !x * !w));2;0,333601;(Z+!Y)*(!Z+X)*((Y*W)+(!X*!W));8;0,357130;0,154094;0,075479
Paralelo;1;((z * y * x * w) + (!z * !y * !x * !w));3;0,329458;(Z+!Y)*(!Z+X)*((Y*W)+(!X*!W));8;0,352675;0,152047;0,075424
Paralelo;1;((z * y * x * w) + (!z * !y * !x * !w));4;0,324478;(Z+!Y)*(!Z+X)*((Y*W)+(!X*!W));8;0,347239;0,148081;0,075048
Paralelo;1;((z * y * x * w) + (!z * !y * !x * !w));5;0,325073;(Z+!Y)*(!Z+X)*((Y*W)+(!X*!W));8;0,347987;0,148720;0,074554
Paralelo;1;((z * y * x * w) + (!z * !y * !x * !w));6;0,322414;(Z+!Y)*(!Z+X)*((Y*W)+(!X*!W));8;0,345149;0,146662;0,074691
Paralelo;1;((z * y * x * w) + (!z * !y * !x * !w));7;0,316576;(Z+!Y)*(!Z+X)*((Y*W)+(!X*!W));8;0,338887;0,137663;0,075566
Paralelo;1;((z * y * x * w) + (!z * !y * !x * !w));8;0,319382;(Z+!Y)*(!Z+X)*((Y*W)+(!X*!W));8;0,341904;0,144936;0,074712
Paralelo;1;((z * y * x * w) + (!z * !y * !x * !w));9;0,339160;(Z+!Y)*(!Z+X)*((Y*W)+(!X*!W));8;0,361701;0,157916;0,076204
Paralelo;1;((z * y * x * w) + (!z * !y * !x * !w));10;0,327829;(Z+!Y)*(!Z+X)*((Y*W)+(!X*!W));8;0,345689;0,149092;0,075925
Paralelo;1;((z * y * x * w) + (!z * !y * !x * !w));11;0,326580;(Z+!Y)*(!Z+X)*((Y*W)+(!X*!W));8;0,344346;0,148663;0,076232
Paralelo;1;((z * y * x * w) + (!z * !y * !x * !w));12;0,323969;(Z+!Y)*(!Z+X)*((Y*W)+(!X*!W));8;0,341608;0,147251;0,075564
Paralelo;1;((z * y * x * w) + (!z * !y * !x * !w));13;0,362417;(Z+!Y)*(!Z+X)*((Y*W)+(!X*!W));8;0,382150;0,170318;0,078367
Paralelo;1;((z * y * x * w) + (!z * !y * !x * !w));14;0,331511;(Z+!Y)*(!Z+X)*((Y*W)+(!X*!W));8;0,349565;0,151963;0,076042
Paralelo;1;((z * y * x * w) + (!z * !y * !x * !w));15;0,332600;(Z+!Y)*(!Z+X)*((Y*W)+(!X*!W));8;0,350663;0,153669;0,075607
Paralelo;1;((z * y * x * w) + (!z * !y * !x * !w));16;0,345440;(Z+!Y)*(!Z+X)*((Y*W)+(!X*!W));8;0,364265;0,162907;0,077038
Paralelo;1;((z * y * x * w) + (!z * !y * !x * !w));17;0,353304;(Z+!Y)*(!Z+X)*((Y*W)+(!X*!W));8;0,372529;0,166461;0,076921
Paralelo;1;((z * y * x * w) + (!z * !y * !x * !w));18;0,344990;(Z+!Y)*(!Z+X)*((Y*W)+(!X*!W));8;0,363747;0,162986;0,075907
Paralelo;1;((z * y * x * w) + (!z * !y * !x * !w));19;0,344090;(Z+!Y)*(!Z+X)*((Y*W)+(!X*!W));8;0,362824;0,160939;0,076098
Paralelo;1;((z * y * x * w) + (!z * !y * !x * !w));20;0,355875;(Z+!Y)*(!Z+X)*((Y*W)+(!X*!W));8;0,375218;0,168464;0,077481
Paralelo;2;((z * y * x * w) + (!z * !y * !x * !w));1;0,439925;(Z+!Y)*(!Z+X)*((Y*W)+(!X*!W));8;0,923574;0,244823;0,417123
Paralelo;2;((z * y * x * w) + (!z * !y * !x * !w));2;0,379753;(Z+!Y)*(!Z+X)*((Y*W)+(!X*!W));8;0,795271;0,214231;0,360549
Paralelo;2;((z * y * x * w) + (!z * !y * !x * !w));3;0,360623;(Z+!Y)*(!Z+X)*((Y*W)+(!X*!W));8;0,754598;0,197292;0,342938
Paralelo;2;((z * y * x * w) + (!z * !y * !x * !w));4;0,361556;(Z+!Y)*(!Z+X)*((Y*W)+(!X*!W));8;0,757710;0,197156;0,347229
Paralelo;2;((z * y * x * w) + (!z * !y * !x * !w));5;0,399499;(Z+!Y)*(!Z+X)*((Y*W)+(!X*!W));8;0,828268;0,225104;0,378100
Paralelo;2;((z * y * x * w) + (!z * !y * !x * !w));6;0,544361;(Z+!Y)*(!Z+X)*((Y*W)+(!X*!W));8;1,130348;0,296232;0,494774
Paralelo;2;((z * y * x * w) + (!z * !y * !x * !w));7;0,579610;(Z+!Y)*(!Z+X)*((Y*W)+(!X*!W));8;1,203344;0,315393;0,550062
Paralelo;2;((z * y * x * w) + (!z * !y * !x * !w));8;0,384731;(Z+!Y)*(!Z+X)*((Y*W)+(!X*!W));8;0,799134;0,218102;0,367122
Paralelo;2;((z * y * x * w) + (!z * !y * !x * !w));9;0,379827;(Z+!Y)*(!Z+X)*((Y*W)+(!X*!W));8;0,787789;0,214455;0,358223
Paralelo;2;((z * y * x * w) + (!z * !y * !x * !w));10;0,493974;(Z+!Y)*(!Z+X)*((Y*W)+(!X*!W));8;1,023620;0,280785;0,465061
Paralelo;2;((z * y * x * w) + (!z * !y * !x * !w));11;0,901890;(Z+!Y)*(!Z+X)*((Y*W)+(!X*!W));8;1,874307;0,541872;0,843138
Paralelo;2;((z * y * x * w) + (!z * !y * !x * !w));12;0,480920;(Z+!Y)*(!Z+X)*((Y*W)+(!X*!W));8;0,995363;0,278167;0,449788
Paralelo;2;((z * y * x * w) + (!z * !y * !x * !w));13;0,375530;(Z+!Y)*(!Z+X)*((Y*W)+(!X*!W));8;0,779200;0,209287;0,358667
Paralelo;2;((z * y * x * w) + (!z * !y * !x * !w));14;0,486800;(Z+!Y)*(!Z+X)*((Y*W)+(!X*!W));8;1,007014;0,269426;0,459052
Paralelo;2;((z * y * x * w) + (!z * !y * !x * !w));15;0,448857;(Z+!Y)*(!Z+X)*((Y*W)+(!X*!W));8;0,929677;0,253047;0,423168
Paralelo;2;((z * y * x * w) + (!z * !y * !x * !w));16;0,490059;(Z+!Y)*(!Z+X)*((Y*W)+(!X*!W));8;1,058859;0,289073;0,457851
Paralelo;2;((z * y * x * w) + (!z * !y * !x * !w));17;0,349831;(Z+!Y)*(!Z+X)*((Y*W)+(!X*!W));8;0,754756;0,194918;0,333607
Paralelo;2;((z * y * x * w) + (!z * !y * !x * !w));18;0,362955;(Z+!Y)*(!Z+X)*((Y*W)+(!X*!W));8;0,786934;0,196408;0,347459
Paralelo;2;((z * y * x * w) + (!z * !y * !x * !w));19;0,353455;(Z+!Y)*(!Z+X)*((Y*W)+(!X*!W));8;0,764733;0,191850;0,338435
Paralelo;2;((z * y * x * w) + (!z * !y * !x * !w));20;0,353066;(Z+!Y)*(!Z+X)*((Y*W)+(!X*!W));8;0,763036;0,197561;0,335362
Paralelo;4;((z * y * x * w) + (!z * !y * !x * !w));1;0,424519;(Z+!Y)*(!Z+X)*((Y*W)+(!X*!W));8;1,824128;0,237059;1,167019
Paralelo;4;((z * y * x * w) + (!z * !y * !x * !w));2;0,444892;(Z+!Y)*(!Z+X)*((Y*W)+(!X*!W));8;1,912243;0,244876;1,232417
Paralelo;4;((z * y * x * w) + (!z * !y * !x * !w));3;0,411184;(Z+!Y)*(!Z+X)*((Y*W)+(!X*!W));8;1,771830;0,228391;1,137639
Paralelo;4;((z * y * x * w) + (!z * !y * !x * !w));4;0,442566;(Z+!Y)*(!Z+X)*((Y*W)+(!X*!W));8;1,907374;0,249512;1,221165
Paralelo;4;((z * y * x * w) + (!z * !y * !x * !w));5;0,393512;(Z+!Y)*(!Z+X)*((Y*W)+(!X*!W));8;1,696181;0,219225;1,079275
Paralelo;4;((z * y * x * w) + (!z * !y * !x * !w));6;0,418572;(Z+!Y)*(!Z+X)*((Y*W)+(!X*!W));8;1,800006;0,232875;1,157528
Paralelo;4;((z * y * x * w) + (!z * !y * !x * !w));7;0,402872;(Z+!Y)*(!Z+X)*((Y*W)+(!X*!W));8;1,737630;0,223922;1,116904
Paralelo;4;((z * y * x * w) + (!z * !y * !x * !w));8;0,405730;(Z+!Y)*(!Z+X)*((Y*W)+(!X*!W));8;1,746761;0,219664;1,114637
Paralelo;4;((z * y * x * w) + (!z * !y * !x * !w));9;0,435130;(Z+!Y)*(!Z+X)*((Y*W)+(!X*!W));8;1,864625;0,245639;1,199535
Paralelo;4;((z * y * x * w) + (!z * !y * !x * !w));10;0,404940;(Z+!Y)*(!Z+X)*((Y*W)+(!X*!W));8;1,712541;0,227695;1,112729
Paralelo;4;((z * y * x * w) + (!z * !y * !x * !w));11;0,439423;(Z+!Y)*(!Z+X)*((Y*W)+(!X*!W));8;1,848813;0,249548;1,208848
Paralelo;4;((z * y * x * w) + (!z * !y * !x * !w));12;0,415851;(Z+!Y)*(!Z+X)*((Y*W)+(!X*!W));8;1,755579;0,233330;1,147308
Paralelo;4;((z * y * x * w) + (!z * !y * !x * !w));13;0,430764;(Z+!Y)*(!Z+X)*((Y*W)+(!X*!W));8;1,807885;0,241385;1,186348
Paralelo;4;((z * y * x * w) + (!z * !y * !x * !w));14;0,437279;(Z+!Y)*(!Z+X)*((Y*W)+(!X*!W));8;1,841111;0,245501;1,200612
Paralelo;4;((z * y * x * w) + (!z * !y * !x * !w));15;0,435448;(Z+!Y)*(!Z+X)*((Y*W)+(!X*!W));8;1,838100;0,248174;1,197306
Paralelo;4;((z * y * x * w) + (!z * !y * !x * !w));16;0,415289;(Z+!Y)*(!Z+X)*((Y*W)+(!X*!W));8;1,753489;0,227763;1,142868
Paralelo;4;((z * y * x * w) + (!z * !y * !x * !w));17;0,444542;(Z+!Y)*(!Z+X)*((Y*W)+(!X*!W));8;1,874262;0,252322;1,224251
Paralelo;4;((z * y * x * w) + (!z * !y * !x * !w));18;0,455787;(Z+!Y)*(!Z+X)*((Y*W)+(!X*!W));8;1,922636;0,260101;1,256292
Paralelo;4;((z * y * x * w) + (!z * !y * !x * !w));19;0,445888;(Z+!Y)*(!Z+X)*((Y*W)+(!X*!W));8;1,879850;0,247480;1,232255
Paralelo;4;((z * y * x * w) + (!z * !y * !x * !w));20;0,402856;(Z+!Y)*(!Z+X)*((Y*W)+(!X*!W));8;1,698642;0,220315;1,099564
Paralelo;8;((z * y * x * w) + (!z * !y * !x * !w));1;0,543498;(Z+!Y)*(!Z+X)*((Y*W)+(!X*!W));8;4,498970;0,287377;3,457245
Paralelo;8;((z * y * x * w) + (!z * !y * !x * !w));2;0,543222;(Z+!Y)*(!Z+X)*((Y*W)+(!X*!W));8;4,479421;0,279894;3,349077
Paralelo;8;((z * y * x * w) + (!z * !y * !x * !w));3;0,541040;(Z+!Y)*(!Z+X)*((Y*W)+(!X*!W));8;4,504100;0,285881;3,454816
Paralelo;8;((z * y * x * w) + (!z * !y * !x * !w));4;0,604767;(Z+!Y)*(!Z+X)*((Y*W)+(!X*!W));8;4,892076;0,324020;3,733617
Paralelo;8;((z * y * x * w) + (!z * !y * !x * !w));5;0,568037;(Z+!Y)*(!Z+X)*((Y*W)+(!X*!W));8;4,719621;0,297156;3,635849
Paralelo;8;((z * y * x * w) + (!z * !y * !x * !w));6;0,565515;(Z+!Y)*(!Z+X)*((Y*W)+(!X*!W));8;4,706670;0,296961;3,602384
Paralelo;8;((z * y * x * w) + (!z * !y * !x * !w));7;0,601213;(Z+!Y)*(!Z+X)*((Y*W)+(!X*!W));8;4,897394;0,331092;3,831597
Paralelo;8;((z * y * x * w) + (!z * !y * !x * !w));8;0,566839;(Z+!Y)*(!Z+X)*((Y*W)+(!X*!W));8;4,644491;0,292447;3,501893
Paralelo;8;((z * y * x * w) + (!z * !y * !x * !w));9;0,580460;(Z+!Y)*(!Z+X)*((Y*W)+(!X*!W));8;4,770565;0,303306;3,607549
Paralelo;8;((z * y * x * w) + (!z * !y * !x * !w));10;0,604809;(Z+!Y)*(!Z+X)*((Y*W)+(!X*!W));8;4,912325;0,319837;3,863732
Paralelo;8;((z * y * x * w) + (!z * !y * !x * !w));11;0,538082;(Z+!Y)*(!Z+X)*((Y*W)+(!X*!W));8;4,452002;0,281733;3,435809
Paralelo;8;((z * y * x * w) + (!z * !y * !x * !w));12;0,557094;(Z+!Y)*(!Z+X)*((Y*W)+(!X*!W));8;4,623692;0,282781;3,489978
Paralelo;8;((z * y * x * w) + (!z * !y * !x * !w));13;0,599976;(Z+!Y)*(!Z+X)*((Y*W)+(!X*!W));8;4,694945;0,319436;3,816624
Paralelo;8;((z * y * x * w) + (!z * !y * !x * !w));14;0,609347;(Z+!Y)*(!Z+X)*((Y*W)+(!X*!W));8;4,820045;0,313658;3,764449
Paralelo;8;((z * y * x * w) + (!z * !y * !x * !w));15;0,570505;(Z+!Y)*(!Z+X)*((Y*W)+(!X*!W));8;4,534672;0,287592;3,552370
Paralelo;8;((z * y * x * w) + (!z * !y * !x * !w));16;0,586089;(Z+!Y)*(!Z+X)*((Y*W)+(!X*!W));8;4,563727;0,306600;3,645340
Paralelo;8;((z * y * x * w) + (!z * !y * !x * !w));17;0,573975;(Z+!Y)*(!Z+X)*((Y*W)+(!X*!W));8;4,587252;0,302044;3,665200
Paralelo;8;((z * y * x * w) + (!z * !y * !x * !w));18;0,584514;(Z+!Y)*(!Z+X)*((Y*W)+(!X*!W));8;4,599550;0,300018;3,617703
Paralelo;8;((z * y * x * w) + (!z * !y * !x * !w));19;0,548142;(Z+!Y)*(!Z+X)*((Y*W)+(!X*!W));8;4,551006;0,293491;3,504650
Paralelo;8;((z * y * x * w) + (!z * !y * !x * !w));20;0,587685;(Z+!Y)*(!Z+X)*((Y*W)+(!X*!W));8;4,864110;0,295334;3,644773
Sequencial;1;((!z * !y * x * w) + (z * y * !x * !w) + (z * y * x * w));1;0,662469;(Z+!Y)*(!Z+Y)*((X*W)+(Z*!X*!W));9;0;0;0
Sequencial;1;((!z * !y * x * w) + (z * y * !x * !w) + (z * y * x * w));2;0,704276;(Z+!Y)*(!Z+Y)*((X*W)+(Z*!X*!W));9;0;0;0
Sequencial;1;((!z * !y * x * w) + (z * y * !x * !w) + (z * y * x * w));3;0,647805;(Z+!Y)*(!Z+Y)*((X*W)+(Z*!X*!W));9;0;0;0
Sequencial;1;((!z * !y * x * w) + (z * y * !x * !w) + (z * y * x * w));4;0,681908;(Z+!Y)*(!Z+Y)*((X*W)+(Z*!X*!W));9;0;0;0
Sequencial;1;((!z * !y * x * w) + (z * y * !x * !w) + (z * y * x * w));5;0,649089;(Z+!Y)*(!Z+Y)*((X*W)+(Z*!X*!W));9;0;0;0
Sequencial;1;((!z * !y * x * w) + (z * y * !x * !w) + (z * y * x * w));6;0,665081;(Z+!Y)*(!Z+Y)*((X*W)+(Z*!X*!W));9;0;0;0
Sequencial;1;((!z * !y * x * w) + (z * y * !x * !w) + (z * y * x * w));7;0,642774;(Z+!Y)*(!Z+Y)*((X*W)+(Z*!X*!W));9;0;0;0
Sequencial;1;((!z * !y * x * w) + (z * y * !x * !w) + (z * y * x * w));8;0,657470;(Z+!Y)*(!Z+Y)*((X*W)+(Z*!X*!W));9;0;0;0
Sequencial;1;((!z * !y * x * w) + (z * y * !x * !w) + (z * y * x * w));9;0,658137;(Z+!Y)*(!Z+Y)*((X*W)+(Z*!X*!W));9;0;0;0
Sequencial;1;((!z * !y * x * w) + (z * y * !x * !w) + (z * y * x * w));10;0,684170;(Z+!Y)*(!Z+Y)*((X*W)+(Z*!X*!W));9;0;0;0
Sequencial;1;((!z * !y * x * w) + (z * y * !x * !w) + (z * y * x * w));11;0,655025;(Z+!Y)*(!Z+Y)*((X*W)+(Z*!X*!W));9;0;0;0
Sequencial;1;((!z * !y * x * w) + (z * y * !x * !w) + (z * y * x * w));12;0,651058;(Z+!Y)*(!Z+Y)*((X*W)+(Z*!X*!W));9;0;0;0
Sequencial;1;((!z * !y * x * w) + (z * y * !x * !w) + (z * y * x * w));13;0,691173;(Z+!Y)*(!Z+Y)*((X*W)+(Z*!X*!W));9;0;0;0
Sequencial;1;((!z * !y * x * w) + (z * y * !x * !w) + (z * y * x * w));14;0,671517;(Z+!Y)*(!Z+Y)*((X*W)+(Z*!X*!W));9;0;0;0
Sequencial;1;((!z * !y * x * w) + (z * y * !x * !w) + (z * y * x * w));15;0,641979;(Z+!Y)*(!Z+Y)*((X*W)+(Z*!X*!W));9;0;0;0
Sequencial;1;((!z * !y * x * w) + (z * y * !x * !w) + (z * y * x * w));16;0,692513;(Z+!Y)*(!Z+Y)*((X*W)+(Z*!X*!W));9;0;0;0
Sequencial;1;((!z * !y * x * w) + (z * y * !x * !w) + (z * y * x * w));17;0,673579;(Z+!Y)*(!Z+Y)*((X*W)+(Z*!X*!W));9;0;0;0
Sequencial;1;((!z * !y * x * w) + (z * y * !x * !w) + (z * y * x * w));18;0,662321;(Z+!Y)*(!Z+Y)*((X*W)+(Z*!X*!W));9;0;0;0
Sequencial;1;((!z * !y * x * w) + (z * y * !x * !w) + (z * y * x * w));19;0,723492;(Z+!Y)*(!Z+Y)*((X*W)+(Z*!X*!W));9;0;0;0
Sequencial;1;((!z * !y * x * w) + (z * y * !x * !w) + (z * y * x * w));20;0,657946;(Z+!Y)*(!Z+Y)*((X*W)+(Z*!X*!W));9;0;0;0
Paralelo;1;((!z * !y * x * w) + (z * y * !x * !w) + (z * y * x * w));1;1,224867;(Z+!Y)*(!Z+Y)*((X*W)+(Z*!X*!W));9;1,331042;0,590819;0,243357
Paralelo;1;((!z * !y * x * w) + (z * y * !x * !w) + (z * y * x * w));2;1,210836;(Z+!Y)*(!Z+Y)*((X*W)+(Z*!X*!W));9;1,303028;0,578317;0,245073
Paralelo;1;((!z * !y * x * w) + (z * y * !x * !w) + (z * y * x * w));3;1,272015;(Z+!Y)*(!Z+Y)*((X*W)+(Z*!X*!W));9;1,340627;0,607979;0,254393
Paralelo;1;((!z * !y * x * w) + (z * y * !x * !w) + (z * y * x * w));4;1,256281;(Z+!Y)*(!Z+Y)*((X*W)+(Z*!X*!W));9;1,324190;0,603820;0,250549
Paralelo;1;((!z * !y * x * w) + (z * y * !x * !w) + (z * y * x * w));5;1,182848;(Z+!Y)*(!Z+Y)*((X*W)+(Z*!X*!W));9;1,246427;0,558372;0,248128
Paralelo;1;((!z * !y * x * w) + (z * y * !x * !w) + (z * y * x * w));6;1,211229;(Z+!Y)*(!Z+Y)*((X*W)+(Z*!X*!W));9;1,276646;0,577901;0,248517
Paralelo;1;((!z * !y * x * w) + (z * y * !x * !w) + (z * y * x * w));7;1,226365;(Z+!Y)*(!Z+Y)*((X*W)+(Z*!X*!W));9;1,292672;0,587417;0,248788
Paralelo;1;((!z * !y * x * w) + (z * y * !x * !w) + (z * y * x * w));8;1,220991;(Z+!Y)*(!Z+Y)*((X*W)+(Z*!X*!W));9;1,280216;0,580345;0,250059
Paralelo;1;((!z * !y * x * w) + (z * y * !x * !w) + (z * y * x * w));9;1,241186;(Z+!Y)*(!Z+Y)*((X*W)+(Z*!X*!W));9;1,251398;0,589439;0,259739
Paralelo;1;((!z * !y * x * w) + (z * y * !x * !w) + (z * y * x * w));10;1,200322;(Z+!Y)*(!Z+Y)*((X*W)+(Z*!X*!W));9;1,209616;0,564692;0,256201
Paralelo;1;((!z * !y * x * w) + (z * y * !x * !w) + (z * y * x * w));11;1,236010;(Z+!Y)*(!Z+Y)*((X*W)+(Z*!X*!W));9;1,282271;0,595887;0,252222
Paralelo;1;((!z * !y * x * w) + (z * y * !x * !w) + (z * y * x * w));12;1,186295;(Z+!Y)*(!Z+Y)*((X*W)+(Z*!X*!W));9;1,250348;0,569576;0,248377
Paralelo;1;((!z * !y * x * w) + (z * y * !x * !w) + (z * y * x * w));13;1,165747;(Z+!Y)*(!Z+Y)*((X*W)+(Z*!X*!W));9;1,228188;0,549990;0,247800
Paralelo;1;((!z * !y * x * w) + (z * y * !x * !w) + (z * y * x * w));14;1,130649;(Z+!Y)*(!Z+Y)*((X*W)+(Z*!X*!W));9;1,227709;0,525923;0,243494
Paralelo;1;((!z * !y * x * w) + (z * y * !x * !w) + (z * y * x * w));15;1,156157;(Z+!Y)*(!Z+Y)*((X*W)+(Z*!X*!W));9;1,258527;0,552894;0,238866
Paralelo;1;((!z * !y * x * w) + (z * y * !x * !w) + (z * y * x * w));16;1,129076;(Z+!Y)*(!Z+Y)*((X*W)+(Z*!X*!W));9;1,229028;0,535015;0,239459
Paralelo;1;((!z * !y * x * w) + (z * y * !x * !w) + (z * y * x * w));17;1,212442;(Z+!Y)*(!Z+Y)*((X*W)+(Z*!X*!W));9;1,319712;0,584952;0,241586
Paralelo;1;((!z * !y * x * w) + (z * y * !x * !w) + (z * y * x * w));18;1,524256;(Z+!Y)*(!Z+Y)*((X*W)+(Z*!X*!W));9;1,659215;0,766052;0,254528
Paralelo;1;((!z * !y * x * w) + (z * y * !x * !w) + (z * y * x * w));19;1,308962;(Z+!Y)*(!Z+Y)*((X*W)+(Z*!X*!W));9;1,398223;0,629109;0,253741
Paralelo;1;((!z * !y * x * w) + (z * y * !x * !w) + (z * y * x * w));20;1,205069;(Z+!Y)*(!Z+Y)*((X*W)+(Z*!X*!W));9;1,295486;0,576621;0,244767
Paralelo;2;((!z * !y * x * w) + (z * y * !x * !w) + (z * y * x * w));1;1,266220;(Z+!Y)*(!Z+Y)*((X*W)+(Y*!X*!W));9;2,712781;0,722942;1,228445
Paralelo;2;((!z * !y * x * w) + (z * y * !x * !w) + (z * y * x * w));2;1,273687;(Z+!Y)*(!Z+Y)*((X*W)+(Z*!X*!W));9;2,729622;0,709276;1,239948
Paralelo;2;((!z * !y * x * w) + (z * y * !x * !w) + (z * y * x * w));3;1,285286;(Z+!Y)*(!Z+Y)*((X*W)+(Z*!X*!W));9;2,748388;0,724926;1,243524
Paralelo;2;((!z * !y * x * w) + (z * y * !x * !w) + (z * y * x * w));4;1,277030;(Z+!Y)*(!Z+Y)*((X*W)+(Y*!X*!W));9;2,697068;0,707441;1,238451
Paralelo;2;((!z * !y * x * w) + (z * y * !x * !w) + (z * y * x * w));5;1,279975;(Z+!Y)*(!Z+Y)*((X*W)+(Z*!X*!W));9;2,671197;0,713358;1,247748
Paralelo;2;((!z * !y * x * w) + (z * y * !x * !w) + (z * y * x * w));6;1,259232;(Z+!Y)*(!Z+Y)*((X*W)+(Z*!X*!W));9;2,625266;0,717027;1,226819
Paralelo;2;((!z * !y * x * w) + (z * y * !x * !w) + (z * y * x * w));7;1,251197;(Z+!Y)*(!Z+Y)*((X*W)+(Z*!X*!W));9;2,611018;0,709584;1,218008
Paralelo;2;((!z * !y * x * w) + (z * y * !x * !w) + (z * y * x * w));8;1,178159;(Z+!Y)*(!Z+Y)*((X*W)+(Z*!X*!W));9;2,458565;0,631301;1,148359
Paralelo;2;((!z * !y * x * w) + (z * y * !x * !w) + (z * y * x * w));9;1,202463;(Z+!Y)*(!Z+Y)*((X*W)+(Z*!X*!W));9;2,485172;0,663074;1,173846
Paralelo;2;((!z * !y * x * w) + (z * y * !x * !w) + (z * y * x * w));10;1,330470;(Z+!Y)*(!Z+Y)*((X*W)+(Z*!X*!W));9;2,632490;0,762942;1,289853
Paralelo;2;((!z * !y * x * w) + (z * y * !x * !w) + (z * y * x * w));11;1,230403;(Z+!Y)*(!Z+Y)*((X*W)+(Y*!X*!W));9;2,521556;0,696388;1,191766
Paralelo;2;((!z * !y * x * w) + (z * y * !x * !w) + (z * y * x * w));12;1,240966;(Z+!Y)*(!Z+Y)*((X*W)+(Z*!X*!W));9;2,606498;0,701278;1,198625
Paralelo;2;((!z * !y * x * w) + (z * y * !x * !w) + (z * y * x * w));13;1,247462;(Z+!Y)*(!Z+Y)*((X*W)+(Z*!X*!W));9;2,621142;0,706655;1,214149
Paralelo;2;((!z * !y * x * w) + (z * y * !x * !w) + (z * y * x * w));14;1,255503;(Z+!Y)*(!Z+Y)*((X*W)+(Z*!X*!W));9;2,637434;0,715454;1,223351
Paralelo;2;((!z * !y * x * w) + (z * y * !x * !w) + (z * y * x * w));15;1,188739;(Z+!Y)*(!Z+Y)*((X*W)+(Z*!X*!W));9;2,629849;0,662515;1,161209
Paralelo;2;((!z * !y * x * w) + (z * y * !x * !w) + (z * y * x * w));16;1,187986;(Z+!Y)*(!Z+Y)*((X*W)+(Z*!X*!W));9;2,628323;0,648898;1,156892
Paralelo;2;((!z * !y * x * w) + (z * y * !x * !w) + (z * y * x * w));17;1,150490;(Z+!Y)*(!Z+Y)*((X*W)+(Z*!X*!W));9;2,546973;0,651850;1,121104
Paralelo;2;((!z * !y * x * w) + (z * y * !x * !w) + (z * y * x * w));18;1,166244;(Z+!Y)*(!Z+Y)*((X*W)+(Z*!X*!W));9;2,536193;0,667322;1,137550
Paralelo;2;((!z * !y * x * w) + (z * y * !x * !w) + (z * y * x * w));19;1,429155;(Z+!Y)*(!Z+Y)*((X*W)+(Z*!X*!W));9;2,998935;0,785480;1,390472
Paralelo;2;((!z * !y * x * w) + (z * y * !x * !w) + (z * y * x * w));20;1,288527;(Z+!Y)*(!Z+Y)*((X*W)+(Z*!X*!W));9;2,711640;0,711384;1,254745
Paralelo;4;((!z * !y * x * w) + (z * y * !x * !w) + (z * y * x * w));1;1,498215;(Z+!Y)*(!Z+Y)*((X*W)+(Z*!X*!W));9;6,269261;0,851480;4,208381
Paralelo;4;((!z * !y * x * w) + (z * y * !x * !w) + (z * y * x * w));2;1,500383;(Z+!Y)*(!Z+Y)*((X*W)+(Y*!X*!W));9;6,288007;0,844560;4,221302
Paralelo;4;((!z * !y * x * w) + (z * y * !x * !w) + (z * y * x * w));3;2,031208;(Z+!Y)*(!Z+Y)*((X*W)+(Z*!X*!W));9;8,541749;1,166457;5,737537
Paralelo;4;((!z * !y * x * w) + (z * y * !x * !w) + (z * y * x * w));4;1,548889;(Z+!Y)*(!Z+Y)*((X*W)+(Z*!X*!W));9;6,487372;0,890668;4,375530
Paralelo;4;((!z * !y * x * w) + (z * y * !x * !w) + (z * y * x * w));5;1,598752;(Z+!Y)*(!Z+Y)*((X*W)+(Z*!X*!W));9;6,681885;0,901108;4,507591
Paralelo;4;((!z * !y * x * w) + (z * y * !x * !w) + (z * y * x * w));6;1,446021;(Z+!Y)*(!Z+Y)*((X*W)+(Y*!X*!W));9;6,039276;0,816914;4,092582
Paralelo;4;((!z * !y * x * w) + (z * y * !x * !w) + (z * y * x * w));7;1,501741;(Z+!Y)*(!Z+Y)*((X*W)+(Z*!X*!W));9;6,274616;0,843912;4,234755
Paralelo;4;((!z * !y * x * w) + (z * y * !x * !w) + (z * y * x * w));8;1,679846;(Z+!Y)*(!Z+Y)*((X*W)+(Y*!X*!W));9;6,930520;0,969273;4,711931
Paralelo;4;((!z * !y * x * w) + (z * y * !x * !w) + (z * y * x * w));9;1,722347;(Z+!Y)*(!Z+Y)*((X*W)+(Z*!X*!W));9;6,766887;0,973623;4,851073
Paralelo;4;((!z * !y * x * w) + (z * y * !x * !w) + (z * y * x * w));10;1,658288;(Z+!Y)*(!Z+Y)*((X*W)+(Z*!X*!W));9;6,604511;0,925552;4,681905
Paralelo;4;((!z * !y * x * w) + (z * y * !x * !w) + (z * y * x * w));11;1,405908;(Z+!Y)*(!Z+Y)*((X*W)+(Z*!X*!W));9;5,888968;0,795441;3,943998
Paralelo;4;((!z * !y * x * w) + (z * y * !x * !w) + (z * y * x * w));12;1,436882;(Z+!Y)*(!Z+Y)*((X*W)+(Z*!X*!W));9;6,019030;0,818756;4,037087
Paralelo;4;((!z * !y * x * w) + (z * y * !x * !w) + (z * y * x * w));13;1,517760;(Z+!Y)*(!Z+Y)*((X*W)+(Z*!X*!W));9;6,622532;0,834360;4,263263
Paralelo;4;((!z * !y * x * w) + (z * y * !x * !w) + (z * y * x * w));14;1,584126;(Z+!Y)*(!Z+Y)*((X*W)+(Z*!X*!W));9;6,912987;0,845829;4,475985
Paralelo;4;((!z * !y * x * w) + (z * y * !x * !w) + (z * y * x * w));15;1,461355;(Z+!Y)*(!Z+Y)*((X*W)+(Y*!X*!W));9;6,371510;0,819555;4,124422
Paralelo;4;((!z * !y * x * w) + (z * y * !x * !w) + (z * y * x * w));16;1,475970;(Z+!Y)*(!Z+Y)*((X*W)+(Z*!X*!W));9;6,438832;0,826279;4,167330
Paralelo;4;((!z * !y * x * w) + (z * y * !x * !w) + (z * y * x * w));17;1,477150;(Z+!Y)*(!Z+Y)*((X*W)+(Z*!X*!W));9;6,380148;0,826370;4,168750
Paralelo;4;((!z * !y * x * w) + (z * y * !x * !w) + (z * y * x * w));18;1,458657;(Z+!Y)*(!Z+Y)*((X*W)+(Y*!X*!W));9;6,224637;0,838798;4,115856
Paralelo;4;((!z * !y * x * w) + (z * y * !x * !w) + (z * y * x * w));19;1,437153;(Z+!Y)*(!Z+Y)*((X*W)+(Z*!X*!W));9;6,130806;0,832771;4,054703
Paralelo;4;((!z * !y * x * w) + (z * y * !x * !w) + (z * y * x * w));20;1,412039;(Z+!Y)*(!Z+Y)*((X*W)+(Z*!X*!W));9;6,011031;0,805084;3,968192
Paralelo;8;((!z * !y * x * w) + (z * y * !x * !w) + (z * y * x * w));1;1,893223;(Z+!Y)*(!Z+Y)*((X*W)+(Y*!X*!W));9;15,985198;1,038601;12,336419
Paralelo;8;((!z * !y * x * w) + (z * y * !x * !w) + (z * y * x * w));2;2,019189;(Z+!Y)*(!Z+Y)*((X*W)+(Z*!X*!W));9;16,539595;1,093915;13,039350
Paralelo;8;((!z * !y * x * w) + (z * y * !x * !w) + (z * y * x * w));3;2,011624;(Z+!Y)*(!Z+Y)*((X*W)+(Y*!X*!W));9;16,554615;1,076275;12,982082
Paralelo;8;((!z * !y * x * w) + (z * y * !x * !w) + (z * y * x * w));4;2,041784;(Z+!Y)*(!Z+Y)*((X*W)+(Z*!X*!W));9;16,727537;1,101768;13,204362
Paralelo;8;((!z * !y * x * w) + (z * y * !x * !w) + (z * y * x * w));5;1,960524;(Z+!Y)*(!Z+Y)*((X*W)+(Z*!X*!W));9;15,419995;1,071092;12,686050
Paralelo;8;((!z * !y * x * w) + (z * y * !x * !w) + (z * y * x * w));6;2,010930;(Z+!Y)*(!Z+Y)*((X*W)+(Y*!X*!W));9;15,442554;1,081882;13,134123
Paralelo;8;((!z * !y * x * w) + (z * y * !x * !w) + (z * y * x * w));7;1,843410;(Z+!Y)*(!Z+Y)*((X*W)+(Y*!X*!W));9;15,284615;0,979086;12,045222
Paralelo;8;((!z * !y * x * w) + (z * y * !x * !w) + (z * y * x * w));8;1,927019;(Z+!Y)*(!Z+Y)*((X*W)+(Z*!X*!W));9;15,967523;1,013834;12,513461
Paralelo;8;((!z * !y * x * w) + (z * y * !x * !w) + (z * y * x * w));9;1,801021;(Z+!Y)*(!Z+Y)*((X*W)+(Z*!X*!W));9;15,736372;0,977633;11,711924
Paralelo;8;((!z * !y * x * w) + (z * y * !x * !w) + (z * y * x * w));10;1,784866;(Z+!Y)*(!Z+Y)*((X*W)+(Y*!X*!W));9;15,631107;0,979648;11,652110
Paralelo;8;((!z * !y * x * w) + (z * y * !x * !w) + (z * y * x * w));11;1,735066;(Z+!Y)*(!Z+Y)*((X*W)+(Z*!X*!W));9;15,168555;0,904016;11,344490
Paralelo;8;((!z * !y * x * w) + (z * y * !x * !w) + (z * y * x * w));12;1,795585;(Z+!Y)*(!Z+Y)*((X*W)+(Z*!X*!W));9;15,498903;0,954239;11,606820
Paralelo;8;((!z * !y * x * w) + (z * y * !x * !w) + (z * y * x * w));13;1,904324;(Z+!Y)*(!Z+Y)*((X*W)+(Z*!X*!W));9;15,892315;1,004547;12,311229
Paralelo;8;((!z * !y * x * w) + (z * y * !x * !w) + (z * y * x * w));14;1,880118;(Z+!Y)*(!Z+Y)*((X*W)+(Y*!X*!W));9;15,768807;0,996447;12,258000
Paralelo;8;((!z * !y * x * w) + (z * y * !x * !w) + (z * y * x * w));15;1,965538;(Z+!Y)*(!Z+Y)*((X*W)+(Z*!X*!W));9;16,449801;1,018433;12,740383
Paralelo;8;((!z * !y * x * w) + (z * y * !x * !w) + (z * y * x * w));16;1,906407;(Z+!Y)*(!Z+Y)*((X*W)+(Y*!X*!W));9;15,790439;1,031199;12,420659
Paralelo;8;((!z * !y * x * w) + (z * y * !x * !w) + (z * y * x * w));17;1,982308;(Z+!Y)*(!Z+Y)*((X*W)+(Y*!X*!W));9;16,169756;1,054901;12,866700
Paralelo;8;((!z * !y * x * w) + (z * y * !x * !w) + (z * y * x * w));18;1,911421;(Z+!Y)*(!Z+Y)*((X*W)+(Z*!X*!W));9;15,583093;1,015889;12,405764
Paralelo;8;((!z * !y * x * w) + (z * y * !x * !w) + (z * y * x * w));19;1,900943;(Z+!Y)*(!Z+Y)*((X*W)+(Z*!X*!W));9;15,486053;1,038646;12,309381
Paralelo;8;((!z * !y * x * w) + (z * y * !x * !w) + (z * y * x * w));20;2,040539;(Z+!Y)*(!Z+Y)*((X*W)+(Y*!X*!W));9;15,676150;1,108683;13,212565
Sequencial;1;((y * x * w) + (!y * !x * !w));1;0,000768;(Y+!X)*(!Y+W)*(X+!W);6;0;0;0
Sequencial;1;((y * x * w) + (!y * !x * !w));2;0,000699;(Y+!X)*(!Y+W)*(X+!W);6;0;0;0
Sequencial;1;((y * x * w) + (!y * !x * !w));3;0,000676;(Y+!X)*(!Y+W)*(X+!W);6;0;0;0
Sequencial;1;((y * x * w) + (!y * !x * !w));4;0,000713;(Y+!X)*(!Y+W)*(X+!W);6;0;0;0
Sequencial;1;((y * x * w) + (!y * !x * !w));5;0,000774;(Y+!X)*(!Y+W)*(X+!W);6;0;0;0
Sequencial;1;((y * x * w) + (!y * !x * !w));6;0,000720;(Y+!X)*(!Y+W)*(X+!W);6;0;0;0
Sequencial;1;((y * x * w) + (!y * !x * !w));7;0,000855;(Y+!X)*(!Y+W)*(X+!W);6;0;0;0
Sequencial;1;((y * x * w) + (!y * !x * !w));8;0,000833;(Y+!X)*(!Y+W)*(X+!W);6;0;0;0
Sequencial;1;((y * x * w) + (!y * !x * !w));9;0,000772;(Y+!X)*(!Y+W)*(X+!W);6;0;0;0
Sequencial;1;((y * x * w) + (!y * !x * !w));10;0,000765;(Y+!X)*(!Y+W)*(X+!W);6;0;0;0
Sequencial;1;((y * x * w) + (!y * !x * !w));11;0,000710;(Y+!X)*(!Y+W)*(X+!W);6;0;0;0
Sequencial;1;((y * x * w) + (!y * !x * !w));12;0,000780;(Y+!X)*(!Y+W)*(X+!W);6;0;0;0
Sequencial;1;((y * x * w) + (!y * !x * !w));13;0,000716;(Y+!X)*(!Y+W)*(X+!W);6;0;0;0
Sequencial;1;((y * x * w) + (!y * !x * !w));14;0,000745;(Y+!X)*(!Y+W)*(X+!W);6;0;0;0
Sequencial;1;((y * x * w) + (!y * !x * !w));15;0,000699;(Y+!X)*(!Y+W)*(X+!W);6;0;0;0
Sequencial;1;((y * x * w) + (!y * !x * !w));16;0,000819;(Y+!X)*(!Y+W)*(X+!W);6;0;0;0
Sequencial;1;((y * x * w) + (!y * !x * !w));17;0,000877;(Y+!X)*(!Y+W)*(X+!W);6;0;0;0
Sequencial;1;((y * x * w) + (!y * !x * !w));18;0,000724;(Y+!X)*(!Y+W)*(X+!W);6;0;0;0
Sequencial;1;((y * x * w) + (!y * !x * !w));19;0,000685;(Y+!X)*(!Y+W)*(X+!W);6;0;0;0
Sequencial;1;((y * x * w) + (!y * !x * !w));20;0,000674;(Y+!X)*(!Y+W)*(X+!W);6;0;0;0
Paralelo;1;((y * x * w) + (!y * !x * !w));1;0,001731;(Y+!X)*(!Y+W)*(X+!W);6;0,001683;0,000716;0,000439
Paralelo;1;((y * x * w) + (!y * !x * !w));2;0,001724;(Y+!X)*(!Y+W)*(X+!W);6;0,001676;0,000685;0,000441
Paralelo;1;((y * x * w) + (!y * !x * !w));3;0,001718;(Y+!X)*(!Y+W)*(X+!W);6;0,001669;0,000689;0,000443
Paralelo;1;((y * x * w) + (!y * !x * !w));4;0,001683;(Y+!X)*(!Y+W)*(X+!W);6;0,001637;0,000681;0,000440
Paralelo;1;((y * x * w) + (!y * !x * !w));5;0,001715;(Y+!X)*(!Y+W)*(X+!W);6;0,001668;0,000667;0,000444
Paralelo;1;((y * x * w) + (!y * !x * !w));6;0,001734;(Y+!X)*(!Y+W)*(X+!W);6;0,001686;0,000685;0,000465
Paralelo;1;((y * x * w) + (!y * !x * !w));7;0,001790;(Y+!X)*(!Y+W)*(X+!W);6;0,001742;0,000727;0,000440
Paralelo;1;((y * x * w) + (!y * !x * !w));8;0,001852;(Y+!X)*(!Y+W)*(X+!W);6;0,001801;0,000754;0,000500
Paralelo;1;((y * x * w) + (!y * !x * !w));9;0,001949;(Y+!X)*(!Y+W)*(X+!W);6;0,001896;0,000858;0,000440
Paralelo;1;((y * x * w) + (!y * !x * !w));10;0,001768;(Y+!X)*(!Y+W)*(X+!W);6;0,001719;0,000688;0,000444
Paralelo;1;((y * x * w) + (!y * !x * !w));11;0,001671;(Y+!X)*(!Y+W)*(X+!W);6;0,001624;0,000652;0,000440
Paralelo;1;((y * x * w) + (!y * !x * !w));12;0,001749;(Y+!X)*(!Y+W)*(X+!W);6;0,001700;0,000706;0,000460
Paralelo;1;((y * x * w) + (!y * !x * !w));13;0,001665;(Y+!X)*(!Y+W)*(X+!W);6;0,001619;0,000660;0,000440
Paralelo;1;((y * x * w) + (!y * !x * !w));14;0,001834;(Y+!X)*(!Y+W)*(X+!W);6;0,001716;0,000667;0,000443
Paralelo;1;((y * x * w) + (!y * !x * !w));15;0,001633;(Y+!X)*(!Y+W)*(X+!W);6;0,001587;0,000625;0,000439
Paralelo;1;((y * x * w) + (!y * !x * !w));16;0,001664;(Y+!X)*(!Y+W)*(X+!W);6;0,001619;0,000664;0,000438
Paralelo;1;((y * x * w) + (!y * !x * !w));17;0,002415;(Y+!X)*(!Y+W)*(X+!W);6;0,002349;0,000908;0,000659
Paralelo;1;((y * x * w) + (!y * !x * !w));18;0,001572;(Y+!X)*(!Y+W)*(X+!W);6;0,001655;0,000622;0,000411
Paralelo;1;((y * x * w) + (!y * !x * !w));19;0,001530;(Y+!X)*(!Y+W)*(X+!W);6;0,001611;0,000587;0,000407
Paralelo;1;((y * x * w) + (!y * !x * !w));20;0,001728;(Y+!X)*(!Y+W)*(X+!W);6;0,001758;0,000659;0,000407
Paralelo;2;((y * x * w) + (!y * !x * !w));1;0,001545;(Y+!X)*(!Y+W)*(X+!W);6;0,001628;0,000617;0,000405
Paralelo;2;((y * x * w) + (!y * !x * !w));2;0,001640;(Y+!X)*(!Y+W)*(X+!W);6;0,001727;0,000607;0,000409
Paralelo;2;((y * x * w) + (!y * !x * !w));3;0,001561;(Y+!X)*(!Y+W)*(X+!W);6;0,001643;0,000638;0,000404
Paralelo;2;((y * x * w) + (!y * !x * !w));4;0,001660;(Y+!X)*(!Y+W)*(X+!W);6;0,001748;0,000678;0,000410
Paralelo;2;((y * x * w) + (!y * !x * !w));5;0,001539;(Y+!X)*(!Y+W)*(X+!W);6;0,001621;0,000609;0,000405
Paralelo;2;((y * x * w) + (!y * !x * !w));6;0,001508;(Y+!X)*(!Y+W)*(X+!W);6;0,001588;0,000588;0,000404
Paralelo;2;((y * x * w) + (!y * !x * !w));7;0,001515;(Y+!X)*(!Y+W)*(X+!W);6;0,001596;0,000578;0,000407
Paralelo;2;((y * x * w) + (!y * !x * !w));8;0,001584;(Y+!X)*(!Y+W)*(X+!W);6;0,001669;0,000627;0,000411
Paralelo;2;((y * x * w) + (!y * !x * !w));9;0,001665;(Y+!X)*(!Y+W)*(X+!W);6;0,001753;0,000707;0,000408
Paralelo;2;((y * x * w) + (!y * !x * !w));10;0,001870;(Y+!X)*(!Y+W)*(X+!W);6;0,001972;0,000825;0,000454
Paralelo;2;((y * x * w) + (!y * !x * !w));11;0,001554;(Y+!X)*(!Y+W)*(X+!W);6;0,001637;0,000597;0,000406
Paralelo;2;((y * x * w) + (!y * !x * !w));12;0,001502;(Y+!X)*(!Y+W)*(X+!W);6;0,001582;0,000572;0,000407
Paralelo;2;((y * x * w) + (!y * !x * !w));13;0,001497;(Y+!X)*(!Y+W)*(X+!W);6;0,001577;0,000549;0,000409
Paralelo;2;((y * x * w) + (!y * !x * !w));14;0,001494;(Y+!X)*(!Y+W)*(X+!W);6;0,001573;0,000561;0,000405
Paralelo;2;((y * x * w) + (!y * !x * !w));15;0,001595;(Y+!X)*(!Y+W)*(X+!W);6;0,001679;0,000610;0,000434
Paralelo;2;((y * x * w) + (!y * !x * !w));16;0,001493;(Y+!X)*(!Y+W)*(X+!W);6;0,001572;0,000567;0,000403
Paralelo;2;((y * x * w) + (!y * !x * !w));17;0,001614;(Y+!X)*(!Y+W)*(X+!W);6;0,001699;0,000627;0,000420
Paralelo;2;((y * x * w) + (!y * !x * !w));18;0,001500;(Y+!X)*(!Y+W)*(X+!W);6;0,001580;0,000566;0,000407
Paralelo;2;((y * x * w) + (!y * !x * !w));19;0,001538;(Y+!X)*(!Y+W)*(X+!W);6;0,001620;0,000612;0,000405
Paralelo;2;((y * x * w) + (!y * !x * !w));20;0,001502;(Y+!X)*(!Y+W)*(X+!W);6;0,001582;0,000564;0,000407
Paralelo;4;((y * x * w) + (!y * !x * !w));1;0,001526;(Y+!X)*(!Y+W)*(X+!W);6;0,001606;0,000594;0,000407
Paralelo;4;((y * x * w) + (!y * !x * !w));2;0,001579;(Y+!X)*(!Y+W)*(X+!W);6;0,001663;0,000622;0,000408
Paralelo;4;((y * x * w) + (!y * !x * !w));3;0,001500;(Y+!X)*(!Y+W)*(X+!W);6;0,001580;0,000574;0,000404
Paralelo;4;((y * x * w) + (!y * !x * !w));4;0,001520;(Y+!X)*(!Y+W)*(X+!W);6;0,001600;0,000590;0,000406
Paralelo;4;((y * x * w) + (!y * !x * !w));5;0,001556;(Y+!X)*(!Y+W)*(X+!W);6;0,001639;0,000589;0,000406
Paralelo;4;((y * x * w) + (!y * !x * !w));6;0,001548;(Y+!X)*(!Y+W)*(X+!W);6;0,001631;0,000617;0,000405
Paralelo;4;((y * x * w) + (!y * !x * !w));7;0,001516;(Y+!X)*(!Y+W)*(X+!W);6;0,001596;0,000595;0,000404
Paralelo;4;((y * x * w) + (!y * !x * !w));8;0,001533;(Y+!X)*(!Y+W)*(X+!W);6;0,001615;0,000601;0,000407
Paralelo;4;((y * x * w) + (!y * !x * !w));9;0,001507;(Y+!X)*(!Y+W)*(X+!W);6;0,001587;0,000571;0,000418
Paralelo;4;((y * x * w) + (!y * !x * !w));10;0,001642;(Y+!X)*(!Y+W)*(X+!W);6;0,001729;0,000676;0,000418
Paralelo;4;((y * x * w) + (!y * !x * !w));11;0,001598;(Y+!X)*(!Y+W)*(X+!W);6;0,001684;0,000632;0,000424
Paralelo;4;((y * x * w) + (!y * !x * !w));12;0,001514;(Y+!X)*(!Y+W)*(X+!W);6;0,001595;0,000583;0,000408
Paralelo;4;((y * x * w) + (!y * !x * !w));13;0,001554;(Y+!X)*(!Y+W)*(X+!W);6;0,001637;0,000625;0,000407
Paralelo;4;((y * x * w) + (!y * !x * !w));14;0,001636;(Y+!X)*(!Y+W)*(X+!W);6;0,001724;0,000680;0,000409
Paralelo;4;((y * x * w) + (!y * !x * !w));15;0,001527;(Y+!X)*(!Y+W)*(X+!W);6;0,001609;0,000594;0,000403
Paralelo;4;((y * x * w) + (!y * !x * !w));16;0,001621;(Y+!X)*(!Y+W)*(X+!W);6;0,001707;0,000627;0,000443
Paralelo;4;((y * x * w) + (!y * !x * !w));17;0,001509;(Y+!X)*(!Y+W)*(X+!W);6;0,001589;0,000578;0,000404
Paralelo;4;((y * x * w) + (!y * !x * !w));18;0,001900;(Y+!X)*(!Y+W)*(X+!W);6;0,002002;0,000833;0,000425
Paralelo;4;((y * x * w) + (!y * !x * !w));19;0,001537;(Y+!X)*(!Y+W)*(X+!W);6;0,001619;0,000584;0,000418
Paralelo;4;((y * x * w) + (!y * !x * !w));20;0,001534;(Y+!X)*(!Y+W)*(X+!W);6;0,001616;0,000590;0,000407
Paralelo;8;((y * x * w) + (!y * !x * !w));1;0,001708;(Y+!X)*(!Y+W)*(X+!W);6;0,001735;0,000618;0,000493
Paralelo;8;((y * x * w) + (!y * !x * !w));2;0,001527;(Y+!X)*(!Y+W)*(X+!W);6;0,001607;0,000598;0,000406
Paralelo;8;((y * x * w) + (!y * !x * !w));3;0,001557;(Y+!X)*(!Y+W)*(X+!W);6;0,001639;0,000590;0,000405
Paralelo;8;((y * x * w) + (!y * !x * !w));4;0,001602;(Y+!X)*(!Y+W)*(X+!W);6;0,001687;0,000615;0,000410
Paralelo;8;((y * x * w) + (!y * !x * !w));5;0,001553;(Y+!X)*(!Y+W)*(X+!W);6;0,001635;0,000603;0,000406
Paralelo;8;((y * x * w) + (!y * !x * !w));6;0,001514;(Y+!X)*(!Y+W)*(X+!W);6;0,001595;0,000579;0,000408
Paralelo;8;((y * x * w) + (!y * !x * !w));7;0,001484;(Y+!X)*(!Y+W)*(X+!W);6;0,001563;0,000563;0,000408
Paralelo;8;((y * x * w) + (!y * !x * !w));8;0,001521;(Y+!X)*(!Y+W)*(X+!W);6;0,001602;0,000595;0,000407
Paralelo;8;((y * x * w) + (!y * !x * !w));9;0,001502;(Y+!X)*(!Y+W)*(X+!W);6;0,001582;0,000562;0,000408
Paralelo;8;((y * x * w) + (!y * !x * !w));10;0,001483;(Y+!X)*(!Y+W)*(X+!W);6;0,001562;0,000560;0,000407
Paralelo;8;((y * x * w) + (!y * !x * !w));11;0,001641;(Y+!X)*(!Y+W)*(X+!W);6;0,001728;0,000642;0,000435
Paralelo;8;((y * x * w) + (!y * !x * !w));12;0,001517;(Y+!X)*(!Y+W)*(X+!W);6;0,001598;0,000584;0,000406
Paralelo;8;((y * x * w) + (!y * !x * !w));13;0,001660;(Y+!X)*(!Y+W)*(X+!W);6;0,001749;0,000698;0,000417
Paralelo;8;((y * x * w) + (!y * !x * !w));14;0,001640;(Y+!X)*(!Y+W)*(X+!W);6;0,001727;0,000627;0,000411
Paralelo;8;((y * x * w) + (!y * !x * !w));15;0,001527;(Y+!X)*(!Y+W)*(X+!W);6;0,001609;0,000577;0,000404
Paralelo;8;((y * x * w) + (!y * !x * !w));16;0,001535;(Y+!X)*(!Y+W)*(X+!W);6;0,001617;0,000572;0,000406
Paralelo;8;((y * x * w) + (!y * !x * !w));17;0,001583;(Y+!X)*(!Y+W)*(X+!W);6;0,001668;0,000601;0,000446
Paralelo;8;((y * x * w) + (!y * !x * !w));18;0,001776;(Y+!X)*(!Y+W)*(X+!W);6;0,001832;0,000792;0,000426
Paralelo;8;((y * x * w) + (!y * !x * !w));19;0,001660;(Y+!X)*(!Y+W)*(X+!W);6;0,001715;0,000707;0,000410
Paralelo;8;((y * x * w) + (!y * !x * !w));20;0,001513;(Y+!X)*(!Y+W)*(X+!W);6;0,001594;0,000562;0,000432
Sequencial;1;((z * x * w) + (y * x * w) + (!z * !y * !x * w));1;0,015733;W*(Z+!X+Y)*(X+(!Z*!Y));7;0;0;0
Sequencial;1;((z * x * w) + (y * x * w) + (!z * !y * !x * w));2;0,016593;W*(Z+!X+Y)*(X+(!Z*!Y));7;0;0;0
Sequencial;1;((z * x * w) + (y * x * w) + (!z * !y * !x * w));3;0,016414;W*(Z+!X+Y)*(X+(!Z*!Y));7;0;0;0
Sequencial;1;((z * x * w) + (y * x * w) + (!z * !y * !x * w));4;0,015049;W*(Z+!X+Y)*(X+(!Z*!Y));7;0;0;0
Sequencial;1;((z * x * w) + (y * x * w) + (!z * !y * !x * w));5;0,017144;W*(Z+!X+Y)*(X+(!Z*!Y));7;0;0;0
Sequencial;1;((z * x * w) + (y * x * w) + (!z * !y * !x * w));6;0,017230;W*(Z+!X+Y)*(X+(!Z*!Y));7;0;0;0
Sequencial;1;((z * x * w) + (y * x * w) + (!z * !y * !x * w));7;0,016265;W*(Z+!X+Y)*(X+(!Z*!Y));7;0;0;0
Sequencial;1;((z * x * w) + (y * x * w) + (!z * !y * !x * w));8;0,016600;W*(Z+!X+Y)*(X+(!Z*!Y));7;0;0;0
Sequencial;1;((z * x * w) + (y * x * w) + (!z * !y * !x * w));9;0,017285;W*(Z+!X+Y)*(X+(!Z*!Y));7;0;0;0
Sequencial;1;((z * x * w) + (y * x * w) + (!z * !y * !x * w));10;0,015064;W*(Z+!X+Y)*(X+(!Z*!Y));7;0;0;0
Sequencial;1;((z * x * w) + (y * x * w) + (!z * !y * !x * w));11;0,021572;W*(Z+!X+Y)*(X+(!Z*!Y));7;0;0;0
Sequencial;1;((z * x * w) + (y * x * w) + (!z * !y * !x * w));12;0,017279;W*(Z+!X+Y)*(X+(!Z*!Y));7;0;0;0
Sequencial;1;((z * x * w) + (y * x * w) + (!z * !y * !x * w));13;0,015273;W*(Z+!X+Y)*(X+(!Z*!Y));7;0;0;0
Sequencial;1;((z * x * w) + (y * x * w) + (!z * !y * !x * w));14;0,015053;W*(Z+!X+Y)*(X+(!Z*!Y));7;0;0;0
Sequencial;1;((z * x * w) + (y * x * w) + (!z * !y * !x * w));15;0,017200;W*(Z+!X+Y)*(X+(!Z*!Y));7;0;0;0
Sequencial;1;((z * x * w) + (y * x * w) + (!z * !y * !x * w));16;0,015357;W*(Z+!X+Y)*(X+(!Z*!Y));7;0;0;0
Sequencial;1;((z * x * w) + (y * x * w) + (!z * !y * !x * w));17;0,015526;W*(Z+!X+Y)*(X+(!Z*!Y));7;0;0;0
Sequencial;1;((z * x * w) + (y * x * w) + (!z * !y * !x * w));18;0,014425;W*(Z+!X+Y)*(X+(!Z*!Y));7;0;0;0
Sequencial;1;((z * x * w) + (y * x * w) + (!z * !y * !x * w));19;0,014569;W*(Z+!X+Y)*(X+(!Z*!Y));7;0;0;0
Sequencial;1;((z * x * w) + (y * x * w) + (!z * !y * !x * w));20;0,016160;W*(Z+!X+Y)*(X+(!Z*!Y));7;0;0;0
Paralelo;1;((z * x * w) + (y * x * w) + (!z * !y * !x * w));1;0,031385;W*(Z+!X+Y)*(X+(!Z*!Y));7;0,034616;0,015282;0,006658
Paralelo;1;((z * x * w) + (y * x * w) + (!z * !y * !x * w));2;0,029434;W*(Z+!X+Y)*(X+(!Z*!Y));7;0,032704;0,013864;0,006787
Paralelo;1;((z * x * w) + (y * x * w) + (!z * !y * !x * w));3;0,029962;W*(Z+!X+Y)*(X+(!Z*!Y));7;0,033148;0,014250;0,006711
Paralelo;1;((z * x * w) + (y * x * w) + (!z * !y * !x * w));4;0,030300;W*(Z+!X+Y)*(X+(!Z*!Y));7;0,033450;0,014509;0,006808
Paralelo;1;((z * x * w) + (y * x * w) + (!z * !y * !x * w));5;0,029409;W*(Z+!X+Y)*(X+(!Z*!Y));7;0,032648;0,013879;0,006655
Paralelo;1;((z * x * w) + (y * x * w) + (!z * !y * !x * w));6;0,029725;W*(Z+!X+Y)*(X+(!Z*!Y));7;0,032984;0,014289;0,006644
Paralelo;1;((z * x * w) + (y * x * w) + (!z * !y * !x * w));7;0,031510;W*(Z+!X+Y)*(X+(!Z*!Y));7;0,034934;0,014821;0,007303
Paralelo;1;((z * x * w) + (y * x * w) + (!z * !y * !x * w));8;0,029519;W*(Z+!X+Y)*(X+(!Z*!Y));7;0,032696;0,014026;0,006574
Paralelo;1;((z * x * w) + (y * x * w) + (!z * !y * !x * w));9;0,033262;W*(Z+!X+Y)*(X+(!Z*!Y));7;0,036937;0,016798;0,006746
Paralelo;1;((z * x * w) + (y * x * w) + (!z * !y * !x * w));10;0,030575;W*(Z+!X+Y)*(X+(!Z*!Y));7;0,033828;0,015021;0,006634
Paralelo;1;((z * x * w) + (y * x * w) + (!z * !y * !x * w));11;0,035358;W*(Z+!X+Y)*(X+(!Z*!Y));7;0,039207;0,017422;0,007644
Paralelo;1;((z * x * w) + (y * x * w) + (!z * !y * !x * w));12;0,031492;W*(Z+!X+Y)*(X+(!Z*!Y));7;0,034882;0,015009;0,007263
Paralelo;1;((z * x * w) + (y * x * w) + (!z * !y * !x * w));13;0,029931;W*(Z+!X+Y)*(X+(!Z*!Y));7;0,033229;0,014169;0,006675
Paralelo;1;((z * x * w) + (y * x * w) + (!z * !y * !x * w));14;0,030456;W*(Z+!X+Y)*(X+(!Z*!Y));7;0,033675;0,014393;0,007059
Paralelo;1;((z * x * w) + (y * x * w) + (!z * !y * !x * w));15;0,029699;W*(Z+!X+Y)*(X+(!Z*!Y));7;0,032823;0,014035;0,006639
Paralelo;1;((z * x * w) + (y * x * w) + (!z * !y * !x * w));16;0,030301;W*(Z+!X+Y)*(X+(!Z*!Y));7;0,033667;0,014482;0,006767
Paralelo;1;((z * x * w) + (y * x * w) + (!z * !y * !x * w));17;0,031222;W*(Z+!X+Y)*(X+(!Z*!Y));7;0,034601;0,014537;0,007177
Paralelo;1;((z * x * w) + (y * x * w) + (!z * !y * !x * w));18;0,030418;W*(Z+!X+Y)*(X+(!Z*!Y));7;0,033751;0,014554;0,006703
Paralelo;1;((z * x * w) + (y * x * w) + (!z * !y * !x * w));19;0,029657;W*(Z+!X+Y)*(X+(!Z*!Y));7;0,032893;0,014136;0,006744
Paralelo;1;((z * x * w) + (y * x * w) + (!z * !y * !x * w));20;0,035380;W*(Z+!X+Y)*(X+(!Z*!Y));7;0,039136;0,018314;0,007043
Paralelo;2;((z * x * w) + (y * x * w) + (!z * !y * !x * w));1;0,032613;W*(Z+!X+Y)*(X+(!Z*!Y));7;0,069107;0,018945;0,030052
Paralelo;2;((z * x * w) + (y * x * w) + (!z * !y * !x * w));2;0,030745;W*(Z+!X+Y)*(X+(!Z*!Y));7;0,065919;0,017494;0,028279
Paralelo;2;((z * x * w) + (y * x * w) + (!z * !y * !x * w));3;0,031362;W*(Z+!X+Y)*(X+(!Z*!Y));7;0,067926;0,017585;0,028453
Paralelo;2;((z * x * w) + (y * x * w) + (!z * !y * !x * w));4;0,031184;W*(Z+!X+Y)*(X+(!Z*!Y));7;0,066907;0,017661;0,028600
Paralelo;2;((z * x * w) + (y * x * w) + (!z * !y * !x * w));5;0,032108;W*(Z+!X+Y)*(X+(!Z*!Y));7;0,067492;0,018245;0,029529
Paralelo;2;((z * x * w) + (y * x * w) + (!z * !y * !x * w));6;0,031540;W*(Z+!X+Y)*(X+(!Z*!Y));7;0,067677;0,017676;0,029117
Paralelo;2;((z * x * w) + (y * x * w) + (!z * !y * !x * w));7;0,031034;W*(Z+!X+Y)*(X+(!Z*!Y));7;0,066740;0,017426;0,028469
Paralelo;2;((z * x * w) + (y * x * w) + (!z * !y * !x * w));8;0,033677;W*(Z+!X+Y)*(X+(!Z*!Y));7;0,072174;0,019290;0,031033
Paralelo;2;((z * x * w) + (y * x * w) + (!z * !y * !x * w));9;0,031546;W*(Z+!X+Y)*(X+(!Z*!Y));7;0,067646;0,017776;0,029159
Paralelo;2;((z * x * w) + (y * x * w) + (!z * !y * !x * w));10;0,031804;W*(Z+!X+Y)*(X+(!Z*!Y));7;0,067864;0,017917;0,029088
Paralelo;2;((z * x * w) + (y * x * w) + (!z * !y * !x * w));11;0,034309;W*(Z+!X+Y)*(X+(!Z*!Y));7;0,073415;0,020342;0,030927
Paralelo;2;((z * x * w) + (y * x * w) + (!z * !y * !x * w));12;0,031217;W*(Z+!X+Y)*(X+(!Z*!Y));7;0,067287;0,017793;0,028658
Paralelo;2;((z * x * w) + (y * x * w) + (!z * !y * !x * w));13;0,032725;W*(Z+!X+Y)*(X+(!Z*!Y));7;0,070127;0,018788;0,030459
Paralelo;2;((z * x * w) + (y * x * w) + (!z * !y * !x * w));14;0,032079;W*(Z+!X+Y)*(X+(!Z*!Y));7;0,069381;0,017972;0,029752
Paralelo;2;((z * x * w) + (y * x * w) + (!z * !y * !x * w));15;0,030598;W*(Z+!X+Y)*(X+(!Z*!Y));7;0,065604;0,017463;0,028108
Paralelo;2;((z * x * w) + (y * x * w) + (!z * !y * !x * w));16;0,030540;W*(Z+!X+Y)*(X+(!Z*!Y));7;0,065319;0,017298;0,027901
Paralelo;2;((z * x * w) + (y * x * w) + (!z * !y * !x * w));17;0,030878;W*(Z+!X+Y)*(X+(!Z*!Y));7;0,065446;0,017285;0,028166
Paralelo;2;((z * x * w) + (y * x * w) + (!z * !y * !x * w));18;0,031150;W*(Z+!X+Y)*(X+(!Z*!Y));7;0,066203;0,017579;0,028424
Paralelo;2;((z * x * w) + (y * x * w) + (!z * !y * !x * w));19;0,031165;W*(Z+!X+Y)*(X+(!Z*!Y));7;0,066648;0,017438;0,028863
Paralelo;2;((z * x * w) + (y * x * w) + (!z * !y * !x * w));20;0,030900;W*(Z+!X+Y)*(X+(!Z*!Y));7;0,066047;0,017578;0,027840
Paralelo;4;((z * x * w) + (y * x * w) + (!z * !y * !x * w));1;0,037665;W*(Z+!X+Y)*(X+(!Z*!Y));7;0,154988;0,021745;0,098567
Paralelo;4;((z * x * w) + (y * x * w) + (!z * !y * !x * w));2;0,038777;W*(Z+!X+Y)*(X+(!Z*!Y));7;0,158680;0,022169;0,103423
Paralelo;4;((z * x * w) + (y * x * w) + (!z * !y * !x * w));3;0,040690;W*(Z+!X+Y)*(X+(!Z*!Y));7;0,164629;0,023796;0,107806
Paralelo;4;((z * x * w) + (y * x * w) + (!z * !y * !x * w));4;0,039246;W*(Z+!X+Y)*(X+(!Z*!Y));7;0,160538;0,022716;0,103824
Paralelo;4;((z * x * w) + (y * x * w) + (!z * !y * !x * w));5;0,040205;W*(Z+!X+Y)*(X+(!Z*!Y));7;0,167818;0,024001;0,106070
Paralelo;4;((z * x * w) + (y * x * w) + (!z * !y * !x * w));6;0,041936;W*(Z+!X+Y)*(X+(!Z*!Y));7;0,173292;0,024950;0,111039
Paralelo;4;((z * x * w) + (y * x * w) + (!z * !y * !x * w));7;0,038389;W*(Z+!X+Y)*(X+(!Z*!Y));7;0,160014;0,022304;0,102222
Paralelo;4;((z * x * w) + (y * x * w) + (!z * !y * !x * w));8;0,039281;W*(Z+!X+Y)*(X+(!Z*!Y));7;0,163207;0,022369;0,104476
Paralelo;4;((z * x * w) + (y * x * w) + (!z * !y * !x * w));9;0,038739;W*(Z+!X+Y)*(X+(!Z*!Y));7;0,159223;0,022714;0,102226
Paralelo;4;((z * x * w) + (y * x * w) + (!z * !y * !x * w));10;0,038423;W*(Z+!X+Y)*(X+(!Z*!Y));7;0,159335;0,021591;0,102867
Paralelo;4;((z * x * w) + (y * x * w) + (!z * !y * !x * w));11;0,038187;W*(Z+!X+Y)*(X+(!Z*!Y));7;0,161475;0,021422;0,101005
Paralelo;4;((z * x * w) + (y * x * w) + (!z * !y * !x * w));12;0,038240;W*(Z+!X+Y)*(X+(!Z*!Y));7;0,157780;0,021768;0,101607
Paralelo;4;((z * x * w) + (y * x * w) + (!z * !y * !x * w));13;0,039400;W*(Z+!X+Y)*(X+(!Z*!Y));7;0,161348;0,022324;0,104031
Paralelo;4;((z * x * w) + (y * x * w) + (!z * !y * !x * w));14;0,039253;W*(Z+!X+Y)*(X+(!Z*!Y));7;0,164007;0,022561;0,104201
Paralelo;4;((z * x * w) + (y * x * w) + (!z * !y * !x * w));15;0,037098;W*(Z+!X+Y)*(X+(!Z*!Y));7;0,157343;0,021100;0,096153
Paralelo;4;((z * x * w) + (y * x * w) + (!z * !y * !x * w));16;0,053920;W*(Z+!X+Y)*(X+(!Z*!Y));7;0,223092;0,021479;0,089811
Paralelo;4;((z * x * w) + (y * x * w) + (!z * !y * !x * w));17;0,039702;W*(Z+!X+Y)*(X+(!Z*!Y));7;0,165011;0,022878;0,104715
Paralelo;4;((z * x * w) + (y * x * w) + (!z * !y * !x * w));18;0,037563;W*(Z+!X+Y)*(X+(!Z*!Y));7;0,154183;0,021497;0,100654
Paralelo;4;((z * x * w) + (y * x * w) + (!z * !y * !x * w));19;0,038354;W*(Z+!X+Y)*(X+(!Z*!Y));7;0,157289;0,021695;0,098966
Paralelo;4;((z * x * w) + (y * x * w) + (!z * !y * !x * w));20;0,038345;W*(Z+!X+Y)*(X+(!Z*!Y));7;0,160905;0,021832;0,101315
Paralelo;8;((z * x * w) + (y * x * w) + (!z * !y * !x * w));1;0,075609;W*(Z+!X+Y)*(X+(!Z*!Y));7;0,601870;0,025978;0,285283
Paralelo;8;((z * x * w) + (y * x * w) + (!z * !y * !x * w));2;0,046025;W*(Z+!X+Y)*(X+(!Z*!Y));7;0,371796;0,024756;0,280899
Paralelo;8;((z * x * w) + (y * x * w) + (!z * !y * !x * w));3;0,070159;W*(Z+!X+Y)*(X+(!Z*!Y));7;0,546837;0,029015;0,304664
Paralelo;8;((z * x * w) + (y * x * w) + (!z * !y * !x * w));4;0,075588;W*(Z+!X+Y)*(X+(!Z*!Y));7;0,589609;0,036337;0,358106
Paralelo;8;((z * x * w) + (y * x * w) + (!z * !y * !x * w));5;0,077090;W*(Z+!X+Y)*(X+(!Z*!Y));7;0,603998;0,032106;0,325183
Paralelo;8;((z * x * w) + (y * x * w) + (!z * !y * !x * w));6;0,082636;W*(Z+!X+Y)*(X+(!Z*!Y));7;0,612652;0,026143;0,277910
Paralelo;8;((z * x * w) + (y * x * w) + (!z * !y * !x * w));7;0,068485;W*(Z+!X+Y)*(X+(!Z*!Y));7;0,529655;0,025894;0,282744
Paralelo;8;((z * x * w) + (y * x * w) + (!z * !y * !x * w));8;0,051541;W*(Z+!X+Y)*(X+(!Z*!Y));7;0,412550;0,024879;0,281447
Paralelo;8;((z * x * w) + (y * x * w) + (!z * !y * !x * w));9;0,075913;W*(Z+!X+Y)*(X+(!Z*!Y));7;0,586398;0,034240;0,334361
Paralelo;8;((z * x * w) + (y * x * w) + (!z * !y * !x * w));10;0,048839;W*(Z+!X+Y)*(X+(!Z*!Y));7;0,400030;0,026167;0,299992
Paralelo;8;((z * x * w) + (y * x * w) + (!z * !y * !x * w));11;0,073608;W*(Z+!X+Y)*(X+(!Z*!Y));7;0,567129;0,026204;0,284662
Paralelo;8;((z * x * w) + (y * x * w) + (!z * !y * !x * w));12;0,046742;W*(Z+!X+Y)*(X+(!Z*!Y));7;0,385506;0,025324;0,283651
Paralelo;8;((z * x * w) + (y * x * w) + (!z * !y * !x * w));13;0,049988;W*(Z+!X+Y)*(X+(!Z*!Y));7;0,413416;0,027147;0,306444
Paralelo;8;((z * x * w) + (y * x * w) + (!z * !y * !x * w));14;0,073751;W*(Z+!X+Y)*(X+(!Z*!Y));7;0,572960;0,030063;0,311895
Paralelo;8;((z * x * w) + (y * x * w) + (!z * !y * !x * w));15;0,067082;W*(Z+!X+Y)*(X+(!Z*!Y));7;0,545055;0,024547;0,275819
Paralelo;8;((z * x * w) + (y * x * w) + (!z * !y * !x * w));16;0,060713;W*(Z+!X+Y)*(X+(!Z*!Y));7;0,476217;0,025671;0,284076
Paralelo;8;((z * x * w) + (y * x * w) + (!z * !y * !x * w));17;0,078557;W*(Z+!X+Y)*(X+(!Z*!Y));7;0,601309;0,033600;0,357782
Paralelo;8;((z * x * w) + (y * x * w) + (!z * !y * !x * w));18;0,046800;W*(Z+!X+Y)*(X+(!Z*!Y));7;0,401335;0,024895;0,285964
Paralelo;8;((z * x * w) + (y * x * w) + (!z * !y * !x * w));19;0,066964;W*(Z+!X+Y)*(X+(!Z*!Y));7;0,517938;0,025377;0,281134
Paralelo;8;((z * x * w) + (y * x * w) + (!z * !y * !x * w));20;0,046108;W*(Z+!X+Y)*(X+(!Z*!Y));7;0,372856;0,024648;0,279266
Sequencial;1;((z * x * w) + (y * x * w) + (!z * !y * !x * !w));1;0,205803;(X+!W)*(Z+!X+Y)*(W+(!Z*!Y));8;0;0;0
Sequencial;1;((z * x * w) + (y * x * w) + (!z * !y * !x * !w));2;0,222914;(X+!W)*(Z+!X+Y)*(W+(!Z*!Y));8;0;0;0
Sequencial;1;((z * x * w) + (y * x * w) + (!z * !y * !x * !w));3;0,199363;(X+!W)*(Z+!X+Y)*(W+(!Z*!Y));8;0;0;0
Sequencial;1;((z * x * w) + (y * x * w) + (!z * !y * !x * !w));4;0,196743;(X+!W)*(Z+!X+Y)*(W+(!Z*!Y));8;0;0;0
Sequencial;1;((z * x * w) + (y * x * w) + (!z * !y * !x * !w));5;0,202986;(X+!W)*(Z+!X+Y)*(W+(!Z*!Y));8;0;0;0
Sequencial;1;((z * x * w) + (y * x * w) + (!z * !y * !x * !w));6;0,204072;(X+!W)*(Z+!X+Y)*(W+(!Z*!Y));8;0;0;0
Sequencial;1;((z * x * w) + (y * x * w) + (!z * !y * !x * !w));7;0,204875;(X+!W)*(Z+!X+Y)*(W+(!Z*!Y));8;0;0;0
Sequencial;1;((z * x * w) + (y * x * w) + (!z * !y * !x * !w));8;0,198686;(X+!W)*(Z+!X+Y)*(W+(!Z*!Y));8;0;0;0
Sequencial;1;((z * x * w) + (y * x * w) + (!z * !y * !x * !w));9;0,198336;(X+!W)*(Z+!X+Y)*(W+(!Z*!Y));8;0;0;0
Sequencial;1;((z * x * w) + (y * x * w) + (!z * !y * !x * !w));10;0,202992;(X+!W)*(Z+!X+Y)*(W+(!Z*!Y));8;0;0;0
Sequencial;1;((z * x * w) + (y * x * w) + (!z * !y * !x * !w));11;0,207603;(X+!W)*(Z+!X+Y)*(W+(!Z*!Y));8;0;0;0
Sequencial;1;((z * x * w) + (y * x * w) + (!z * !y * !x * !w));12;0,200554;(X+!W)*(Z+!X+Y)*(W+(!Z*!Y));8;0;0;0
Sequencial;1;((z * x * w) + (y * x * w) + (!z * !y * !x * !w));13;0,208587;(X+!W)*(Z+!X+Y)*(W+(!Z*!Y));8;0;0;0
Sequencial;1;((z * x * w) + (y * x * w) + (!z * !y * !x * !w));14;0,201729;(X+!W)*(Z+!X+Y)*(W+(!Z*!Y));8;0;0;0
Sequencial;1;((z * x * w) + (y * x * w) + (!z * !y * !x * !w));15;0,206511;(X+!W)*(Z+!X+Y)*(W+(!Z*!Y));8;0;0;0
Sequencial;1;((z * x * w) + (y * x * w) + (!z * !y * !x * !w));16;0,200808;(X+!W)*(Z+!X+Y)*(W+(!Z*!Y));8;0;0;0
Sequencial;1;((z * x * w) + (y * x * w) + (!z * !y * !x * !w));17;0,201511;(X+!W)*(Z+!X+Y)*(W+(!Z*!Y));8;0;0;0
Sequencial;1;((z * x * w) + (y * x * w) + (!z * !y * !x * !w));18;0,204609;(X+!W)*(Z+!X+Y)*(W+(!Z*!Y));8;0;0;0
Sequencial;1;((z * x * w) + (y * x * w) + (!z * !y * !x * !w));19;0,218992;(X+!W)*(Z+!X+Y)*(W+(!Z*!Y));8;0;0;0
Sequencial;1;((z * x * w) + (y * x * w) + (!z * !y * !x * !w));20;0,207563;(X+!W)*(Z+!X+Y)*(W+(!Z*!Y));8;0;0;0
Paralelo;1;((z * x * w) + (y * x * w) + (!z * !y * !x * !w));1;0,409239;(X+!W)*(Z+!X+Y)*(W+(!Z*!Y));8;0,436906;0,192862;0,092303
Paralelo;1;((z * x * w) + (y * x * w) + (!z * !y * !x * !w));2;0,400682;(X+!W)*(Z+!X+Y)*(W+(!Z*!Y));8;0,427826;0,187361;0,092393
Paralelo;1;((z * x * w) + (y * x * w) + (!z * !y * !x * !w));3;0,407895;(X+!W)*(Z+!X+Y)*(W+(!Z*!Y));8;0,435353;0,192871;0,092284
Paralelo;1;((z * x * w) + (y * x * w) + (!z * !y * !x * !w));4;0,406050;(X+!W)*(Z+!X+Y)*(W+(!Z*!Y));8;0,433532;0,188183;0,094088
Paralelo;1;((z * x * w) + (y * x * w) + (!z * !y * !x * !w));5;0,403331;(X+!W)*(Z+!X+Y)*(W+(!Z*!Y));8;0,430662;0,187936;0,092102
Paralelo;1;((z * x * w) + (y * x * w) + (!z * !y * !x * !w));6;0,394423;(X+!W)*(Z+!X+Y)*(W+(!Z*!Y));8;0,419478;0,183155;0,091478
Paralelo;1;((z * x * w) + (y * x * w) + (!z * !y * !x * !w));7;0,432462;(X+!W)*(Z+!X+Y)*(W+(!Z*!Y));8;0,443797;0,204879;0,095959
Paralelo;1;((z * x * w) + (y * x * w) + (!z * !y * !x * !w));8;0,407736;(X+!W)*(Z+!X+Y)*(W+(!Z*!Y));8;0,418442;0,190155;0,095333
Paralelo;1;((z * x * w) + (y * x * w) + (!z * !y * !x * !w));9;0,403790;(X+!W)*(Z+!X+Y)*(W+(!Z*!Y));8;0,414377;0,186553;0,095106
Paralelo;1;((z * x * w) + (y * x * w) + (!z * !y * !x * !w));10;0,416115;(X+!W)*(Z+!X+Y)*(W+(!Z*!Y));8;0,427023;0,192794;0,096933
Paralelo;1;((z * x * w) + (y * x * w) + (!z * !y * !x * !w));11;0,416391;(X+!W)*(Z+!X+Y)*(W+(!Z*!Y));8;0,427340;0,194426;0,096062
Paralelo;1;((z * x * w) + (y * x * w) + (!z * !y * !x * !w));12;0,412388;(X+!W)*(Z+!X+Y)*(W+(!Z*!Y));8;0,423227;0,190602;0,096243
Paralelo;1;((z * x * w) + (y * x * w) + (!z * !y * !x * !w));13;0,419367;(X+!W)*(Z+!X+Y)*(W+(!Z*!Y));8;0,430383;0,196942;0,095553
Paralelo;1;((z * x * w) + (y * x * w) + (!z * !y * !x * !w));14;0,427593;(X+!W)*(Z+!X+Y)*(W+(!Z*!Y));8;0,438705;0,200004;0,097281
Paralelo;1;((z * x * w) + (y * x * w) + (!z * !y * !x * !w));15;0,413936;(X+!W)*(Z+!X+Y)*(W+(!Z*!Y));8;0,424759;0,193608;0,095501
Paralelo;1;((z * x * w) + (y * x * w) + (!z * !y * !x * !w));16;0,415260;(X+!W)*(Z+!X+Y)*(W+(!Z*!Y));8;0,426192;0,195140;0,095562
Paralelo;1;((z * x * w) + (y * x * w) + (!z * !y * !x * !w));17;0,406703;(X+!W)*(Z+!X+Y)*(W+(!Z*!Y));8;0,417230;0,188506;0,095374
Paralelo;1;((z * x * w) + (y * x * w) + (!z * !y * !x * !w));18;0,424317;(X+!W)*(Z+!X+Y)*(W+(!Z*!Y));8;0,435479;0,199614;0,096337
Paralelo;1;((z * x * w) + (y * x * w) + (!z * !y * !x * !w));19;0,411427;(X+!W)*(Z+!X+Y)*(W+(!Z*!Y));8;0,422208;0,192897;0,095304
Paralelo;1;((z * x * w) + (y * x * w) + (!z * !y * !x * !w));20;0,436547;(X+!W)*(Z+!X+Y)*(W+(!Z*!Y));8;0,424757;0,202746;0,101354
Paralelo;2;((z * x * w) + (y * x * w) + (!z * !y * !x * !w));1;0,537264;(X+!W)*(Z+!X+Y)*(W+(!Z*!Y));8;1,038088;0,302027;0,515133
Paralelo;2;((z * x * w) + (y * x * w) + (!z * !y * !x * !w));2;0,444391;(X+!W)*(Z+!X+Y)*(W+(!Z*!Y));8;0,861289;0,246595;0,434182
Paralelo;2;((z * x * w) + (y * x * w) + (!z * !y * !x * !w));3;0,430405;(X+!W)*(Z+!X+Y)*(W+(!Z*!Y));8;0,831504;0,232004;0,419916
Paralelo;2;((z * x * w) + (y * x * w) + (!z * !y * !x * !w));4;0,471687;(X+!W)*(Z+!X+Y)*(W+(!Z*!Y));8;0,913639;0,265970;0,457193
Paralelo;2;((z * x * w) + (y * x * w) + (!z * !y * !x * !w));5;0,469809;(X+!W)*(Z+!X+Y)*(W+(!Z*!Y));8;0,907635;0,266591;0,453593
Paralelo;2;((z * x * w) + (y * x * w) + (!z * !y * !x * !w));6;0,502541;(X+!W)*(Z+!X+Y)*(W+(!Z*!Y));8;0,972533;0,278965;0,486078
Paralelo;2;((z * x * w) + (y * x * w) + (!z * !y * !x * !w));7;0,463256;(X+!W)*(Z+!X+Y)*(W+(!Z*!Y));8;0,969579;0,261777;0,443349
Paralelo;2;((z * x * w) + (y * x * w) + (!z * !y * !x * !w));8;0,415979;(X+!W)*(Z+!X+Y)*(W+(!Z*!Y));8;0,871882;0,236028;0,405646
Paralelo;2;((z * x * w) + (y * x * w) + (!z * !y * !x * !w));9;0,409783;(X+!W)*(Z+!X+Y)*(W+(!Z*!Y));8;0,856828;0,233723;0,398665
Paralelo;2;((z * x * w) + (y * x * w) + (!z * !y * !x * !w));10;0,424481;(X+!W)*(Z+!X+Y)*(W+(!Z*!Y));8;0,887497;0,237779;0,412442
Paralelo;2;((z * x * w) + (y * x * w) + (!z * !y * !x * !w));11;0,455383;(X+!W)*(Z+!X+Y)*(W+(!Z*!Y));8;0,952649;0,252627;0,438625
Paralelo;2;((z * x * w) + (y * x * w) + (!z * !y * !x * !w));12;0,442109;(X+!W)*(Z+!X+Y)*(W+(!Z*!Y));8;0,941666;0,251930;0,424585
Paralelo;2;((z * x * w) + (y * x * w) + (!z * !y * !x * !w));13;0,402676;(X+!W)*(Z+!X+Y)*(W+(!Z*!Y));8;0,888978;0,224250;0,390428
Paralelo;2;((z * x * w) + (y * x * w) + (!z * !y * !x * !w));14;0,449556;(X+!W)*(Z+!X+Y)*(W+(!Z*!Y));8;0,992949;0,252601;0,431685
Paralelo;2;((z * x * w) + (y * x * w) + (!z * !y * !x * !w));15;0,386014;(X+!W)*(Z+!X+Y)*(W+(!Z*!Y));8;0,853382;0,216107;0,377717
Paralelo;2;((z * x * w) + (y * x * w) + (!z * !y * !x * !w));16;0,390396;(X+!W)*(Z+!X+Y)*(W+(!Z*!Y));8;0,864113;0,223704;0,378585
Paralelo;2;((z * x * w) + (y * x * w) + (!z * !y * !x * !w));17;0,392679;(X+!W)*(Z+!X+Y)*(W+(!Z*!Y));8;0,866855;0,216623;0,383179
Paralelo;2;((z * x * w) + (y * x * w) + (!z * !y * !x * !w));18;0,435271;(X+!W)*(Z+!X+Y)*(W+(!Z*!Y));8;0,960911;0,249158;0,420837
Paralelo;2;((z * x * w) + (y * x * w) + (!z * !y * !x * !w));19;0,442167;(X+!W)*(Z+!X+Y)*(W+(!Z*!Y));8;0,977517;0,251960;0,424711
Paralelo;2;((z * x * w) + (y * x * w) + (!z * !y * !x * !w));20;0,402010;(X+!W)*(Z+!X+Y)*(W+(!Z*!Y));8;0,889890;0,225801;0,389556
Paralelo;4;((z * x * w) + (y * x * w) + (!z * !y * !x * !w));1;0,487674;(X+!W)*(Z+!X+Y)*(W+(!Z*!Y));8;2,141422;0,272309;1,362280
Paralelo;4;((z * x * w) + (y * x * w) + (!z * !y * !x * !w));2;0,539253;(X+!W)*(Z+!X+Y)*(W+(!Z*!Y));8;2,372020;0,300575;1,505512
Paralelo;4;((z * x * w) + (y * x * w) + (!z * !y * !x * !w));3;0,471207;(X+!W)*(Z+!X+Y)*(W+(!Z*!Y));8;2,074555;0,261082;1,320464
Paralelo;4;((z * x * w) + (y * x * w) + (!z * !y * !x * !w));4;0,454812;(X+!W)*(Z+!X+Y)*(W+(!Z*!Y));8;2,007466;0,254264;1,270166
Paralelo;4;((z * x * w) + (y * x * w) + (!z * !y * !x * !w));5;0,504816;(X+!W)*(Z+!X+Y)*(W+(!Z*!Y));8;2,205706;0,284107;1,405662
Paralelo;4;((z * x * w) + (y * x * w) + (!z * !y * !x * !w));6;0,499743;(X+!W)*(Z+!X+Y)*(W+(!Z*!Y));8;2,168278;0,283182;1,401278
Paralelo;4;((z * x * w) + (y * x * w) + (!z * !y * !x * !w));7;0,539532;(X+!W)*(Z+!X+Y)*(W+(!Z*!Y));8;2,325200;0,293713;1,508583
Paralelo;4;((z * x * w) + (y * x * w) + (!z * !y * !x * !w));8;0,529351;(X+!W)*(Z+!X+Y)*(W+(!Z*!Y));8;2,290265;0,302008;1,482793
Paralelo;4;((z * x * w) + (y * x * w) + (!z * !y * !x * !w));9;0,494664;(X+!W)*(Z+!X+Y)*(W+(!Z*!Y));8;2,133659;0,268765;1,386938
Paralelo;4;((z * x * w) + (y * x * w) + (!z * !y * !x * !w));10;0,478792;(X+!W)*(Z+!X+Y)*(W+(!Z*!Y));8;2,070212;0,263197;1,343895
Paralelo;4;((z * x * w) + (y * x * w) + (!z * !y * !x * !w));11;0,489453;(X+!W)*(Z+!X+Y)*(W+(!Z*!Y));8;2,120491;0,282408;1,362255
Paralelo;4;((z * x * w) + (y * x * w) + (!z * !y * !x * !w));12;0,456430;(X+!W)*(Z+!X+Y)*(W+(!Z*!Y));8;1,976436;0,255292;1,266285
Paralelo;4;((z * x * w) + (y * x * w) + (!z * !y * !x * !w));13;0,489009;(X+!W)*(Z+!X+Y)*(W+(!Z*!Y));8;2,117493;0,269936;1,365872
Paralelo;4;((z * x * w) + (y * x * w) + (!z * !y * !x * !w));14;0,506557;(X+!W)*(Z+!X+Y)*(W+(!Z*!Y));8;2,195387;0,290060;1,412971
Paralelo;4;((z * x * w) + (y * x * w) + (!z * !y * !x * !w));15;0,479794;(X+!W)*(Z+!X+Y)*(W+(!Z*!Y));8;2,072896;0,270178;1,347987
Paralelo;4;((z * x * w) + (y * x * w) + (!z * !y * !x * !w));16;0,507276;(X+!W)*(Z+!X+Y)*(W+(!Z*!Y));8;2,155637;0,283143;1,415604
Paralelo;4;((z * x * w) + (y * x * w) + (!z * !y * !x * !w));17;0,557054;(X+!W)*(Z+!X+Y)*(W+(!Z*!Y));8;2,238889;0,315295;1,555681
Paralelo;4;((z * x * w) + (y * x * w) + (!z * !y * !x * !w));18;0,558734;(X+!W)*(Z+!X+Y)*(W+(!Z*!Y));8;2,161176;0,305424;1,566550
Paralelo;4;((z * x * w) + (y * x * w) + (!z * !y * !x * !w));19;0,534523;(X+!W)*(Z+!X+Y)*(W+(!Z*!Y));8;2,058098;0,295549;1,500640
Paralelo;4;((z * x * w) + (y * x * w) + (!z * !y * !x * !w));20;0,583296;(X+!W)*(Z+!X+Y)*(W+(!Z*!Y));8;2,250328;0,328973;1,634010
Paralelo;8;((z * x * w) + (y * x * w) + (!z * !y * !x * !w));1;0,709779;(X+!W)*(Z+!X+Y)*(W+(!Z*!Y));8;5,395453;0,367538;4,446435
Paralelo;8;((z * x * w) + (y * x * w) + (!z * !y * !x * !w));2;0,730060;(X+!W)*(Z+!X+Y)*(W+(!Z*!Y));8;5,525372;0,378761;4,600346
Paralelo;8;((z * x * w) + (y * x * w) + (!z * !y * !x * !w));3;0,685063;(X+!W)*(Z+!X+Y)*(W+(!Z*!Y));8;5,474288;0,351860;4,288636
Paralelo;8;((z * x * w) + (y * x * w) + (!z * !y * !x * !w));4;0,696539;(X+!W)*(Z+!X+Y)*(W+(!Z*!Y));8;5,704544;0,351790;4,299024
Paralelo;8;((z * x * w) + (y * x * w) + (!z * !y * !x * !w));5;0,677563;(X+!W)*(Z+!X+Y)*(W+(!Z*!Y));8;5,520648;0,356677;4,299090
Paralelo;8;((z * x * w) + (y * x * w) + (!z * !y * !x * !w));6;0,693073;(X+!W)*(Z+!X+Y)*(W+(!Z*!Y));8;5,730114;0,356062;4,342564
Paralelo;8;((z * x * w) + (y * x * w) + (!z * !y * !x * !w));7;0,772433;(X+!W)*(Z+!X+Y)*(W+(!Z*!Y));8;5,853188;0,428915;4,979706
Paralelo;8;((z * x * w) + (y * x * w) + (!z * !y * !x * !w));8;0,756431;(X+!W)*(Z+!X+Y)*(W+(!Z*!Y));8;5,781958;0,398172;4,763956
Paralelo;8;((z * x * w) + (y * x * w) + (!z * !y * !x * !w));9;0,750514;(X+!W)*(Z+!X+Y)*(W+(!Z*!Y));8;5,728691;0,378670;4,745608
Paralelo;8;((z * x * w) + (y * x * w) + (!z * !y * !x * !w));10;0,916926;(X+!W)*(Z+!X+Y)*(W+(!Z*!Y));8;7,048522;0,492218;5,822193
Paralelo;8;((z * x * w) + (y * x * w) + (!z * !y * !x * !w));11;0,740919;(X+!W)*(Z+!X+Y)*(W+(!Z*!Y));8;6,139731;0,392836;4,675191
Paralelo;8;((z * x * w) + (y * x * w) + (!z * !y * !x * !w));12;0,760960;(X+!W)*(Z+!X+Y)*(W+(!Z*!Y));8;6,260671;0,406428;4,780299
Paralelo;8;((z * x * w) + (y * x * w) + (!z * !y * !x * !w));13;0,789061;(X+!W)*(Z+!X+Y)*(W+(!Z*!Y));8;6,523395;0,426120;4,852387
Paralelo;8;((z * x * w) + (y * x * w) + (!z * !y * !x * !w));14;0,715179;(X+!W)*(Z+!X+Y)*(W+(!Z*!Y));8;5,833619;0,380950;4,519004
Paralelo;8;((z * x * w) + (y * x * w) + (!z * !y * !x * !w));15;0,666501;(X+!W)*(Z+!X+Y)*(W+(!Z*!Y));8;5,729499;0,349137;4,197473
Paralelo;8;((z * x * w) + (y * x * w) + (!z * !y * !x * !w));16;0,646391;(X+!W)*(Z+!X+Y)*(W+(!Z*!Y));8;5,606510;0,335991;4,056684
Paralelo;8;((z * x * w) + (y * x * w) + (!z * !y * !x * !w));17;0,629593;(X+!W)*(Z+!X+Y)*(W+(!Z*!Y));8;5,474561;0,331255;3,932844
Paralelo;8;((z * x * w) + (y * x * w) + (!z * !y * !x * !w));18;0,658881;(X+!W)*(Z+!X+Y)*(W+(!Z*!Y));8;5,728112;0,349341;4,126525
Paralelo;8;((z * x * w) + (y * x * w) + (!z * !y * !x * !w));19;0,662596;(X+!W)*(Z+!X+Y)*(W+(!Z*!Y));8;5,715511;0,364058;4,261440
Paralelo;8;((z * x * w) + (y * x * w) + (!z * !y * !x * !w));20;0,665603;(X+!W)*(Z+!X+Y)*(W+(!Z*!Y));8;5,798240;0,342076;4,175591
Sequencial;1;((z * y * !x * w) + (z * !y * x * w) + (!z * y * x * w) + (!z * !y * !x * !w));1;20,288706;(W+(!Z*!Y))*(X+!W+(Z*Y))*(!X+((Z+Y)*(!Z+!Y)));12;0;0;0
Sequencial;1;((z * y * !x * w) + (z * !y * x * w) + (!z * y * x * w) + (!z * !y * !x * !w));2;18,903981;(W+(!Z*!Y))*(X+!W+(Z*Y))*(!X+((Z+Y)*(!Z+!Y)));12;0;0;0
Sequencial;1;((z * y * !x * w) + (z * !y * x * w) + (!z * y * x * w) + (!z * !y * !x * !w));3;19,437290;(W+(!Z*!Y))*(X+!W+(Z*Y))*(!X+((Z+Y)*(!Z+!Y)));12;0;0;0
Sequencial;1;((z * y * !x * w) + (z * !y * x * w) + (!z * y * x * w) + (!z * !y * !x * !w));4;19,628974;(W+(!Z*!Y))*(X+!W+(Z*Y))*(!X+((Z+Y)*(!Z+!Y)));12;0;0;0
Sequencial;1;((z * y * !x * w) + (z * !y * x * w) + (!z * y * x * w) + (!z * !y * !x * !w));5;19,154728;(W+(!Z*!Y))*(X+!W+(Z*Y))*(!X+((Z+Y)*(!Z+!Y)));12;0;0;0
